responsable,nombre de muestra,id secuencial,tipologia,a,b,c,
Ernesto Santana,M1,1,sedimentaria,61,49,35,correcto
Ernesto Santana,M1,2,sedimentaria,67,39,29,correcto
Ernesto Santana,M1,3,sedimentaria,118,54,36,correcto
Ernesto Santana,M1,4,sedimentaria,53,40,29,correcto
Ernesto Santana,M1,5,sedimentaria,81,43,34,correcto
Ernesto Santana,M1,6,sedimentaria,73,42,21,correcto
Ernesto Santana,M1,7,sedimentaria,43,37,16,correcto
Ernesto Santana,M1,8,sedimentaria,129,58,33,correcto
Ernesto Santana,M1,9,sedimentaria,58,35,26,correcto
Ernesto Santana,M1,10,sedimentaria,70,40,19,correcto
Ernesto Santana,M1,11,ígnea,45,35,29,correcto
Ernesto Santana,M1,12,sedimentaria,57,34,17,correcto
Ernesto Santana,M1,13,ígnea,69,40,31,correcto
Ernesto Santana,M1,14,sedimentaria,44,33,19,correcto
Ernesto Santana,M1,15,sedimentaria,47,34,18,correcto
Ernesto Santana,M1,16,sedimentaria,61,35,20,correcto
Ernesto Santana,M1,17,sedimentaria,47,43,33,correcto
Ernesto Santana,M1,18,sedimentaria,54,38,19,correcto
Ernesto Santana,M1,19,sedimentaria,58,32,20,correcto
Ernesto Santana,M1,20,sedimentaria,84,33,16,correcto
Ernesto Santana,M1,21,sedimentaria,56,50,31,correcto
Ernesto Santana,M1,22,sedimentaria,79,62,14,correcto
Ernesto Santana,M1,23,sedimentaria,85,41,32,correcto
Ernesto Santana,M1,24,sedimentaria,57,52,35,correcto
Ernesto Santana,M1,25,ígnea,68,49,28,correcto
Ernesto Santana,M1,26,sedimentaria,86,58,38,correcto
Ernesto Santana,M1,27,sedimentaria,95,65,45,correcto
Ernesto Santana,M1,28,sedimentaria,65,44,22,correcto
Ernesto Santana,M1,29,sedimentaria,112,83,59,correcto
Ernesto Santana,M1,30,sedimentaria,84,73,51,correcto
Ernesto Santana,M2,31,,97,47,30,correcto
Ernesto Santana,M2,32,,76,54,42,correcto
Ernesto Santana,M2,33,,96,46,32,correcto
Ernesto Santana,M2,34,,74,52,25,correcto
Ernesto Santana,M2,35,,63,41,34,correcto
Ernesto Santana,M2,36,,107,58,30,correcto
Ernesto Santana,M2,37,,75,35,31,correcto
Ernesto Santana,M2,38,,104,60,37,correcto
Ernesto Santana,M2,39,,96,49,27,correcto
Ernesto Santana,M2,40,,64,50,20,correcto
Ernesto Santana,M2,41,,71,51,30,correcto
Ernesto Santana,M2,42,,61,56,25,correcto
Ernesto Santana,M2,43,,68,49,20,correcto
Ernesto Santana,M2,44,,54,47,33,correcto
Ernesto Santana,M2,45,,73,60,38,correcto
Ernesto Santana,M2,46,,53,44,26,correcto
Ernesto Santana,M2,47,,58,46,18,correcto
Ernesto Santana,M2,48,,61,42,37,correcto
Ernesto Santana,M2,49,,70,64,29,correcto
Ernesto Santana,M2,50,,68,48,23,correcto
Ernesto Santana,M2,51,,69,32,21,correcto
Ernesto Santana,M2,52,,60,40,23,correcto
Ernesto Santana,M2,53,,79,33,24,correcto
Ernesto Santana,M2,54,,84,32,25,correcto
Ernesto Santana,M2,55,,78,50,48,correcto
Ernesto Santana,M2,56,,64,34,23,correcto
Ernesto Santana,M2,57,,66,44,22,correcto
Ernesto Santana,M2,58,,86,51,16,correcto
Ernesto Santana,M2,59,,54,43,32,correcto
Ernesto Santana,M2,60,,68,39,33,correcto
Ernesto Santana,M3,61,,93,51,29,correcto
Ernesto Santana,M3,62,,74,39,20,correcto
Ernesto Santana,M3,63,,103,45,34,correcto
Ernesto Santana,M3,64,,86,64,48,correcto
Ernesto Santana,M3,65,,70,46,22,correcto
Ernesto Santana,M3,66,,78,59,33,correcto
Ernesto Santana,M3,67,,88,44,35,correcto
Ernesto Santana,M3,68,,80,35,27,correcto
Ernesto Santana,M3,69,,98,51,21,correcto
Ernesto Santana,M3,70,,81,61,41,correcto
Ernesto Santana,M3,71,,86,67,49,correcto
Ernesto Santana,M3,72,,67,44,19,correcto
Ernesto Santana,M3,73,,63,56,28,correcto
Ernesto Santana,M3,74,,77,42,27,correcto
Ernesto Santana,M3,75,,89,45,37,correcto
Ernesto Santana,M3,76,,68,47,35,correcto
Ernesto Santana,M3,77,,89,40,34,correcto
Ernesto Santana,M3,78,,94,70,27,correcto
Ernesto Santana,M3,79,,63,58,38,correcto
Ernesto Santana,M3,80,,145,53,33,correcto
Ernesto Santana,M3,81,,87,58,44,correcto
Ernesto Santana,M3,82,,67,45,18,correcto
Ernesto Santana,M3,83,,50,41,18,correcto
Ernesto Santana,M3,84,,70,65,33,correcto
Ernesto Santana,M3,85,,62,45,32,correcto
Ernesto Santana,M3,86,,92,48,39,correcto
Ernesto Santana,M3,87,,125,65,25,correcto
Ernesto Santana,M3,88,,59,45,22,correcto
Ernesto Santana,M3,89,,62,30,27,correcto
Ernesto Santana,M3,90,,86,72,47,correcto
Ernesto Santana,M4,91,,69,47,36,correcto
Ernesto Santana,M4,92,,85,49,33,correcto
Ernesto Santana,M4,93,,64,42,25,correcto
Ernesto Santana,M4,94,,66,40,16,correcto
Ernesto Santana,M4,95,,105,38,29,correcto
Ernesto Santana,M4,96,,64,46,23,correcto
Ernesto Santana,M4,97,,76,49,45,correcto
Ernesto Santana,M4,98,,53,33,26,correcto
Ernesto Santana,M4,99,,60,52,21,correcto
Ernesto Santana,M4,100,,121,52,27,correcto
Ernesto Santana,M4,101,,89,70,34,correcto
Ernesto Santana,M4,102,,91,45,37,correcto
Ernesto Santana,M4,103,,67,47,36,correcto
Ernesto Santana,M4,104,,72,40,18,correcto
Ernesto Santana,M4,105,,100,46,46,correcto
Ernesto Santana,M4,106,,76,49,22,correcto
Ernesto Santana,M4,107,,74,38,27,correcto
Ernesto Santana,M4,108,,87,46,22,correcto
Ernesto Santana,M4,109,,79,58,30,correcto
Ernesto Santana,M4,110,,66,44,31,correcto
Ernesto Santana,M4,111,,61,34,22,correcto
Ernesto Santana,M4,112,,56,36,12,correcto
Ernesto Santana,M4,113,,73,44,36,correcto
Ernesto Santana,M4,114,,60,45,33,correcto
Ernesto Santana,M4,115,,59,36,30,correcto
Ernesto Santana,M4,116,,95,60,32,correcto
Ernesto Santana,M4,117,,67,43,22,correcto
Ernesto Santana,M4,118,,80,48,33,correcto
Ernesto Santana,M4,119,,72,47,19,correcto
Ernesto Santana,M4,120,,80,46,37,correcto
Ernesto Santana,M5,121,,68,33,11,correcto
Ernesto Santana,M5,122,,97,66,38,correcto
Ernesto Santana,M5,123,,88,64,45,correcto
Ernesto Santana,M5,124,,89,77,31,correcto
Ernesto Santana,M5,125,,74,33,24,correcto
Ernesto Santana,M5,126,,80,54,34,correcto
Ernesto Santana,M5,127,,80,51,38,correcto
Ernesto Santana,M5,128,,140,73,47,correcto
Ernesto Santana,M5,129,,106,74,38,correcto
Ernesto Santana,M5,130,,77,61,44,correcto
Ernesto Santana,M5,131,,89,87,61,correcto
Ernesto Santana,M5,132,,151,61,47,correcto
Ernesto Santana,M5,133,,100,67,27,correcto
Ernesto Santana,M5,134,,67,41,14,correcto
Ernesto Santana,M5,135,,84,44,25,correcto
Ernesto Santana,M5,136,,76,64,22,correcto
Ernesto Santana,M5,137,,52,41,33,correcto
Ernesto Santana,M5,138,,111,73,56,correcto
Ernesto Santana,M5,139,,65,64,25,correcto
Ernesto Santana,M5,140,,70,68,44,correcto
Ernesto Santana,M5,141,,100,58,28,correcto
Ernesto Santana,M5,142,,83,52,31,correcto
Ernesto Santana,M5,143,,69,43,26,correcto
Ernesto Santana,M5,144,,67,39,31,correcto
Ernesto Santana,M5,145,,88,47,45,correcto
Ernesto Santana,M5,146,,88,62,34,correcto
Ernesto Santana,M5,147,,74,40,26,correcto
Ernesto Santana,M5,148,,101,41,35,correcto
Ernesto Santana,M5,149,,70,34,17,correcto
Ernesto Santana,M5,150,,71,53,32,correcto
Ernesto Santana,M6,151,,75,43,29,correcto
Ernesto Santana,M6,152,,106,94,43,correcto
Ernesto Santana,M6,153,,75,50,20,correcto
Ernesto Santana,M6,154,,72,40,27,correcto
Ernesto Santana,M6,155,,97,41,32,correcto
Ernesto Santana,M6,156,,64,34,29,correcto
Ernesto Santana,M6,157,,74,37,36,correcto
Ernesto Santana,M6,158,,66,49,34,correcto
Ernesto Santana,M6,159,,67,47,36,correcto
Ernesto Santana,M6,160,,70,55,25,correcto
Ernesto Santana,M6,161,,84,52,39,correcto
Ernesto Santana,M6,162,,64,37,28,correcto
Ernesto Santana,M6,163,,69,40,39,correcto
Ernesto Santana,M6,164,,82,81,34,correcto
Ernesto Santana,M6,165,,75,50,46,correcto
Ernesto Santana,M6,166,,75,66,54,correcto
Ernesto Santana,M6,167,,84,52,38,correcto
Ernesto Santana,M6,168,,64,48,45,correcto
Ernesto Santana,M6,169,,70,43,22,correcto
Ernesto Santana,M6,170,,69,36,29,correcto
Ernesto Santana,M6,171,,64,34,20,correcto
Ernesto Santana,M6,172,,64,31,29,correcto
Ernesto Santana,M6,173,,58,38,15,correcto
Ernesto Santana,M6,174,,54,35,27,correcto
Ernesto Santana,M6,175,,63,38,27,correcto
Ernesto Santana,M6,176,,62,44,37,correcto
Ernesto Santana,M6,177,,54,45,27,correcto
Ernesto Santana,M6,178,,75,36,28,correcto
Ernesto Santana,M6,179,,59,39,29,correcto
Ernesto Santana,M6,180,,70,37,20,correcto
Ernesto Santana,M7,181,,90,52,33,correcto
Ernesto Santana,M7,182,,82,45,34,correcto
Ernesto Santana,M7,183,,105,64,27,correcto
Ernesto Santana,M7,184,,59,36,14,correcto
Ernesto Santana,M7,185,,49,43,20,correcto
Ernesto Santana,M7,186,,76,48,45,correcto
Ernesto Santana,M7,187,,61,42,21,correcto
Ernesto Santana,M7,188,,93,62,14,correcto
Ernesto Santana,M7,189,,102,59,40,correcto
Ernesto Santana,M7,190,,66,43,40,correcto
Ernesto Santana,M7,191,,112,67,47,correcto
Ernesto Santana,M7,192,,104,63,25,correcto
Ernesto Santana,M7,193,,104,52,35,correcto
Ernesto Santana,M7,194,,82,61,42,correcto
Ernesto Santana,M7,195,,73,47,35,correcto
Ernesto Santana,M7,196,,78,53,38,correcto
Ernesto Santana,M7,197,,79,37,19,correcto
Ernesto Santana,M7,198,,95,86,26,correcto
Ernesto Santana,M7,199,,78,55,23,correcto
Ernesto Santana,M7,200,,83,57,40,correcto
Ernesto Santana,M7,201,,103,42,40,correcto
Ernesto Santana,M7,202,,115,54,30,correcto
Ernesto Santana,M7,203,,107,65,44,correcto
Ernesto Santana,M7,204,,105,38,15,correcto
Ernesto Santana,M7,205,,76,45,30,correcto
Ernesto Santana,M7,206,,83,53,32,correcto
Ernesto Santana,M7,207,,90,59,54,correcto
Ernesto Santana,M7,208,,92,54,49,correcto
Ernesto Santana,M7,209,,83,65,42,correcto
Ernesto Santana,M7,210,,71,40,35,correcto
Ernesto Santana y Miqueas Ventura,Ocoa,211,,98,74,70,correcto
Ernesto Santana y Miqueas Ventura,Ocoa,212,,103,82,59,correcto
Ernesto Santana y Miqueas Ventura,Ocoa,213,,105,96,73,correcto
Ernesto Santana y Miqueas Ventura,Ocoa,214,,116,82,37,correcto
Ernesto Santana y Miqueas Ventura,Ocoa,215,,101,65,65,correcto
Ernesto Santana y Miqueas Ventura,Ocoa,216,,110,66,34,correcto
Ernesto Santana y Miqueas Ventura,Ocoa,217,,104,100,45,correcto
Ernesto Santana y Miqueas Ventura,Ocoa,218,,160,65,54,correcto
Ernesto Santana y Miqueas Ventura,Ocoa,219,,81,49,32,correcto
Ernesto Santana y Miqueas Ventura,Ocoa,220,,81,62,36,correcto
Ernesto Santana y Miqueas Ventura,Ocoa,221,,82,38,34,correcto
Ernesto Santana y Miqueas Ventura,Ocoa,222,,69,55,39,correcto
Ernesto Santana y Miqueas Ventura,Ocoa,223,,65,64,28,correcto
Ernesto Santana y Miqueas Ventura,Ocoa,224,,88,60,51,correcto
Ernesto Santana y Miqueas Ventura,Ocoa,225,,82,75,48,correcto
Ernesto Santana y Miqueas Ventura,Ocoa,226,,109,54,41,correcto
Ernesto Santana y Miqueas Ventura,Ocoa,227,,89,59,54,correcto
Ernesto Santana y Miqueas Ventura,Ocoa,228,,77,56,40,correcto
Ernesto Santana y Miqueas Ventura,Ocoa,229,,83,67,51,correcto
Ernesto Santana y Miqueas Ventura,Ocoa,230,,84,81,64,correcto
Ernesto Santana y Miqueas Ventura,Ocoa,231,,70,66,55,correcto
Ernesto Santana y Miqueas Ventura,Ocoa,232,,81,72,38,correcto
Ernesto Santana y Miqueas Ventura,Ocoa,233,,90,72,52,correcto
Ernesto Santana y Miqueas Ventura,Ocoa,234,,54,51,40,correcto
Ernesto Santana y Miqueas Ventura,Ocoa,235,,88,59,36,correcto
Ernesto Santana y Miqueas Ventura,Ocoa,236,,70,43,38,correcto
Ernesto Santana y Miqueas Ventura,Ocoa,237,,67,52,49,correcto
Ernesto Santana y Miqueas Ventura,Ocoa,238,,71,45,23,correcto
Ernesto Santana y Miqueas Ventura,Ocoa,239,,54,39,23,correcto
Ernesto Santana y Miqueas Ventura,Ocoa,240,,53,29,28,correcto
Edel Tejeda,M1,241,,38,38,29,correcto
Edel Tejeda,M1,242,,42,41,36,correcto
Edel Tejeda,M1,243,,151,100,61,correcto
Edel Tejeda,M1,244,,81,70,37,correcto
Edel Tejeda,M1,245,,155,90,78,correcto
Edel Tejeda,M1,246,,101,70,41,correcto
Edel Tejeda,M1,247,,130,78,38,correcto
Edel Tejeda,M1,248,,128,91,59,correcto
Edel Tejeda,M1,249,,151,91,50,correcto
Edel Tejeda,M1,250,,141,110,64,correcto
Edel Tejeda,M1,251,,82,65,53,correcto
Edel Tejeda,M1,252,,99,75,55,correcto
Edel Tejeda,M1,253,,130,71,56,correcto
Edel Tejeda,M1,254,,103,57,41,correcto
Edel Tejeda,M1,255,,113,68,53,correcto
Edel Tejeda,M1,256,,128,90,78,correcto
Edel Tejeda,M1,257,,156,148,50,correcto
Edel Tejeda,M1,258,,135,76,68,correcto
Edel Tejeda,M1,259,,139,111,44,correcto
Edel Tejeda,M1,260,,188,127,48,correcto
Edel Tejeda,M1,261,,118,53,30,correcto
Edel Tejeda,M1,262,,91,75,36,correcto
Edel Tejeda,M1,263,,115,80,43,correcto
Edel Tejeda,M1,264,,128,62,23,correcto
Edel Tejeda,M1,265,,108,78,25,correcto
Edel Tejeda,M1,266,,103,84,38,correcto
Edel Tejeda,M1,267,,148,98,75,correcto
Edel Tejeda,M1,268,,198,133,65,correcto
Edel Tejeda,M1,269,,165,104,34,correcto
Edel Tejeda,M1,270,,78,58,30,correcto
Edel Tejeda,M2,271,,94,60,30,correcto
Edel Tejeda,M2,272,,70,58,18,correcto
Edel Tejeda,M2,273,,90,54,40,correcto
Edel Tejeda,M2,274,,60,37,28,correcto
Edel Tejeda,M2,275,,91,41,31,correcto
Edel Tejeda,M2,276,,80,57,30,correcto
Edel Tejeda,M2,277,,57,36,24,correcto
Edel Tejeda,M2,278,,70,40,31,correcto
Edel Tejeda,M2,279,,95,58,27,correcto
Edel Tejeda,M2,280,,77,66,30,correcto
Edel Tejeda,M2,281,,80,52,38,correcto
Edel Tejeda,M2,282,,80,38,18,correcto
Edel Tejeda,M2,283,,87,46,28,correcto
Edel Tejeda,M2,284,,74,52,37,correcto
Edel Tejeda,M2,285,,111,68,44,correcto
Edel Tejeda,M2,286,,74,60,35,correcto
Edel Tejeda,M2,287,,83,66,44,correcto
Edel Tejeda,M2,288,,62,50,19,correcto
Edel Tejeda,M2,289,,78,34,18,correcto
Edel Tejeda,M2,290,,108,54,47,correcto
Edel Tejeda,M2,291,,50,40,28,correcto
Edel Tejeda,M2,292,,56,35,28,correcto
Edel Tejeda,M2,293,,105,37,25,correcto
Edel Tejeda,M2,294,,60,48,24,correcto
Edel Tejeda,M2,295,,75,64,46,correcto
Edel Tejeda,M2,296,,95,60,37,correcto
Edel Tejeda,M2,297,,120,95,63,correcto
Edel Tejeda,M2,298,,115,94,60,correcto
Edel Tejeda,M2,299,,80,58,34,correcto
Edel Tejeda,M2,300,,87,68,48,correcto
Edel Tejeda,M3,301,,140,67,38,correcto
Edel Tejeda,M3,302,,137,74,60,correcto
Edel Tejeda,M3,303,,93,68,38,correcto
Edel Tejeda,M3,304,,104,78,40,correcto
Edel Tejeda,M3,305,,115,77,48,correcto
Edel Tejeda,M3,306,,128,88,57,correcto
Edel Tejeda,M3,307,,128,77,50,correcto
Edel Tejeda,M3,308,,170,111,55,correcto
Edel Tejeda,M3,309,,98,74,48,correcto
Edel Tejeda,M3,310,,128,67,60,correcto
Edel Tejeda,M3,311,,120,100,35,correcto
Edel Tejeda,M3,312,,115,77,44,correcto
Edel Tejeda,M3,313,,160,95,70,correcto
Edel Tejeda,M3,314,,158,78,65,correcto
Edel Tejeda,M3,315,,135,80,37,correcto
Edel Tejeda,M3,316,,115,65,43,correcto
Edel Tejeda,M3,317,,123,95,48,correcto
Edel Tejeda,M3,318,,118,87,60,correcto
Edel Tejeda,M3,319,,155,100,60,correcto
Edel Tejeda,M3,320,,100,75,50,correcto
Edel Tejeda,M3,321,,140,112,95,correcto
Edel Tejeda,M3,322,,120,97,50,correcto
Edel Tejeda,M3,323,,140,84,42,correcto
Edel Tejeda,M3,324,,135,84,50,correcto
Edel Tejeda,M3,325,,123,86,52,correcto
Edel Tejeda,M3,326,,118,100,66,correcto
Edel Tejeda,M3,327,,123,95,78,correcto
Edel Tejeda,M3,328,,148,99,44,correcto
Edel Tejeda,M3,329,,111,73,56,correcto
Edel Tejeda,M3,330,,98,65,56,correcto
Edel Tejeda,M4,331,,100,65,20,correcto
Edel Tejeda,M4,332,,70,40,38,correcto
Edel Tejeda,M4,333,,90,85,22,correcto
Edel Tejeda,M4,334,,110,80,22,correcto
Edel Tejeda,M4,335,,115,95,18,correcto
Edel Tejeda,M4,336,,120,85,40,correcto
Edel Tejeda,M4,337,,101,49,28,correcto
Edel Tejeda,M4,338,,76,55,40,correcto
Edel Tejeda,M4,339,,80,45,19,correcto
Edel Tejeda,M4,340,,73,56,20,correcto
Edel Tejeda,M4,341,,78,60,48,correcto
Edel Tejeda,M4,342,,90,75,35,correcto
Edel Tejeda,M4,343,,89,63,55,correcto
Edel Tejeda,M4,344,,101,75,36,correcto
Edel Tejeda,M4,345,,90,68,37,correcto
Edel Tejeda,M4,346,,68,45,38,correcto
Edel Tejeda,M4,347,,95,80,25,correcto
Edel Tejeda,M4,348,,93,75,24,correcto
Edel Tejeda,M4,349,,115,68,40,correcto
Edel Tejeda,M4,350,,98,50,20,correcto
Edel Tejeda,M4,351,,100,80,30,correcto
Edel Tejeda,M4,352,,110,60,33,correcto
Edel Tejeda,M4,353,,115,70,25,correcto
Edel Tejeda,M4,354,,95,56,25,correcto
Edel Tejeda,M4,355,,83,75,27,correcto
Edel Tejeda,M4,356,,120,95,35,correcto
Edel Tejeda,M4,357,,110,70,23,correcto
Edel Tejeda,M4,358,,93,45,38,correcto
Edel Tejeda,M4,359,,110,80,55,correcto
Edel Tejeda,M4,360,,100,50,26,correcto
Edel Tejeda,M5,361,,80,48,25,correcto
Edel Tejeda,M5,362,,85,44,35,correcto
Edel Tejeda,M5,363,,67,50,35,correcto
Edel Tejeda,M5,364,,70,52,35,correcto
Edel Tejeda,M5,365,,88,40,22,correcto
Edel Tejeda,M5,366,,80,64,37,correcto
Edel Tejeda,M5,367,,50,44,18,correcto
Edel Tejeda,M5,368,,68,48,37,correcto
Edel Tejeda,M5,369,,52,40,25,correcto
Edel Tejeda,M5,370,,77,60,48,correcto
Edel Tejeda,M5,371,,75,58,22,correcto
Edel Tejeda,M5,372,,64,40,22,correcto
Edel Tejeda,M5,373,,68,40,24,correcto
Edel Tejeda,M5,374,,70,40,33,correcto
Edel Tejeda,M5,375,,89,53,40,correcto
Edel Tejeda,M5,376,,55,38,20,correcto
Edel Tejeda,M5,377,,90,48,37,correcto
Edel Tejeda,M5,378,,72,39,34,correcto
Edel Tejeda,M5,379,,80,56,35,correcto
Edel Tejeda,M5,380,,50,45,30,correcto
Edel Tejeda,M5,381,,48,37,20,correcto
Edel Tejeda,M5,382,,70,58,40,correcto
Edel Tejeda,M5,383,,50,42,25,correcto
Edel Tejeda,M5,384,,85,63,40,correcto
Edel Tejeda,M5,385,,82,62,18,correcto
Edel Tejeda,M5,386,,84,50,26,correcto
Edel Tejeda,M5,387,,90,75,32,correcto
Edel Tejeda,M5,388,,88,75,32,correcto
Edel Tejeda,M5,389,,78,46,28,correcto
Edel Tejeda,M5,390,,63,38,20,correcto
Edel Tejeda,M6,391,,130,60,40,correcto
Edel Tejeda,M6,392,,150,80,50,correcto
Edel Tejeda,M6,393,,145,110,45,correcto
Edel Tejeda,M6,394,,180,130,60,correcto
Edel Tejeda,M6,395,,160,95,68,correcto
Edel Tejeda,M6,396,,130,88,60,correcto
Edel Tejeda,M6,397,,130,90,65,correcto
Edel Tejeda,M6,398,,135,80,70,correcto
Edel Tejeda,M6,399,,170,101,40,correcto
Edel Tejeda,M6,400,,165,115,50,correcto
Edel Tejeda,M6,401,,140,95,70,correcto
Edel Tejeda,M6,402,,135,82,68,correcto
Edel Tejeda,M6,403,,130,95,60,correcto
Edel Tejeda,M6,404,,181,110,90,correcto
Edel Tejeda,M6,405,,180,95,45,correcto
Edel Tejeda,M6,406,,160,70,50,correcto
Edel Tejeda,M6,407,,175,85,60,correcto
Edel Tejeda,M6,408,,186,88,80,correcto
Edel Tejeda,M6,409,,150,110,70,correcto
Edel Tejeda,M6,410,,160,135,80,correcto
Edel Tejeda,M6,411,,160,100,80,correcto
Edel Tejeda,M6,412,,172,93,84,correcto
Edel Tejeda,M6,413,,135,100,80,correcto
Edel Tejeda,M6,414,,147,115,95,correcto
Edel Tejeda,M6,415,,150,95,55,correcto
Edel Tejeda,M6,416,,160,120,78,correcto
Edel Tejeda,M6,417,,185,78,48,correcto
Edel Tejeda,M6,418,,120,90,50,correcto
Edel Tejeda,M6,419,,140,103,54,correcto
Edel Tejeda,M6,420,,165,90,60,correcto
Edel Tejeda,M7,421,,60,40,32,correcto
Edel Tejeda,M7,422,,70,50,32,correcto
Edel Tejeda,M7,423,,65,35,28,correcto
Edel Tejeda,M7,424,,85,35,25,correcto
Edel Tejeda,M7,425,,48,35,28,correcto
Edel Tejeda,M7,426,,70,55,15,correcto
Edel Tejeda,M7,427,,65,55,38,correcto
Edel Tejeda,M7,428,,50,42,30,correcto
Edel Tejeda,M7,429,,60,36,28,correcto
Edel Tejeda,M7,430,,70,50,38,correcto
Edel Tejeda,M7,431,,58,42,25,correcto
Edel Tejeda,M7,432,,70,38,22,correcto
Edel Tejeda,M7,433,,68,36,23,correcto
Edel Tejeda,M7,434,,75,56,25,correcto
Edel Tejeda,M7,435,,58,44,30,correcto
Edel Tejeda,M7,436,,60,50,38,correcto
Edel Tejeda,M7,437,,70,48,28,correcto
Edel Tejeda,M7,438,,75,50,45,correcto
Edel Tejeda,M7,439,,80,56,38,correcto
Edel Tejeda,M7,440,,54,40,35,correcto
Edel Tejeda,M7,441,,60,45,34,correcto
Edel Tejeda,M7,442,,75,60,30,correcto
Edel Tejeda,M7,443,,66,48,29,correcto
Edel Tejeda,M7,444,,70,50,38,correcto
Edel Tejeda,M7,445,,74,35,28,correcto
Edel Tejeda,M7,446,,80,40,27,correcto
Edel Tejeda,M7,447,,56,40,20,correcto
Edel Tejeda,M7,448,,60,47,35,correcto
Edel Tejeda,M7,449,,60,40,30,correcto
Edel Tejeda,M7,450,,63,38,14,correcto
Edel Tejeda y Álvaro Taveras,Ocoa,451,,135,85,60,correcto
Edel Tejeda y Álvaro Taveras,Ocoa,452,,110,67,45,correcto
Edel Tejeda y Álvaro Taveras,Ocoa,453,,113,68,55,correcto
Edel Tejeda y Álvaro Taveras,Ocoa,454,,80,65,50,correcto
Edel Tejeda y Álvaro Taveras,Ocoa,455,,120,65,48,correcto
Edel Tejeda y Álvaro Taveras,Ocoa,456,,125,112,30,correcto
Edel Tejeda y Álvaro Taveras,Ocoa,457,,160,90,45,correcto
Edel Tejeda y Álvaro Taveras,Ocoa,458,,145,80,50,correcto
Edel Tejeda y Álvaro Taveras,Ocoa,459,,80,48,30,correcto
Edel Tejeda y Álvaro Taveras,Ocoa,460,,110,100,28,correcto
Edel Tejeda y Álvaro Taveras,Ocoa,461,,125,60,29,correcto
Edel Tejeda y Álvaro Taveras,Ocoa,462,,125,65,45,correcto
Edel Tejeda y Álvaro Taveras,Ocoa,463,,90,70,30,correcto
Edel Tejeda y Álvaro Taveras,Ocoa,464,,140,90,53,correcto
Edel Tejeda y Álvaro Taveras,Ocoa,465,,100,48,30,correcto
Edel Tejeda y Álvaro Taveras,Ocoa,466,,105,43,40,correcto
Edel Tejeda y Álvaro Taveras,Ocoa,467,,95,38,28,correcto
Edel Tejeda y Álvaro Taveras,Ocoa,468,,120,60,35,correcto
Edel Tejeda y Álvaro Taveras,Ocoa,469,,110,80,50,correcto
Edel Tejeda y Álvaro Taveras,Ocoa,470,,130,60,45,correcto
Edel Tejeda y Álvaro Taveras,Ocoa,471,,135,63,30,correcto
Edel Tejeda y Álvaro Taveras,Ocoa,472,,120,63,40,correcto
Edel Tejeda y Álvaro Taveras,Ocoa,473,,130,35,30,correcto
Edel Tejeda y Álvaro Taveras,Ocoa,474,,133,64,33,correcto
Edel Tejeda y Álvaro Taveras,Ocoa,475,,140,60,50,correcto
Edel Tejeda y Álvaro Taveras,Ocoa,476,,110,60,33,correcto
Edel Tejeda y Álvaro Taveras,Ocoa,477,,90,45,24,correcto
Edel Tejeda y Álvaro Taveras,Ocoa,478,,130,48,38,correcto
Edel Tejeda y Álvaro Taveras,Ocoa,479,,115,50,25,correcto
Edel Tejeda y Álvaro Taveras,Ocoa,480,,120,70,23,correcto
Álvaro Taveras,M1,481,,80,56,35,correcto
Álvaro Taveras,M1,482,,50,45,30,correcto
Álvaro Taveras,M1,483,,48,37,20,correcto
Álvaro Taveras,M1,484,,70,58,40,correcto
Álvaro Taveras,M1,485,,50,42,25,correcto
Álvaro Taveras,M1,486,,85,63,40,correcto
Álvaro Taveras,M1,487,,82,62,18,correcto
Álvaro Taveras,M1,488,,84,50,26,correcto
Álvaro Taveras,M1,489,,90,75,32,correcto
Álvaro Taveras,M1,490,,88,75,32,correcto
Álvaro Taveras,M1,491,,81,70,37,correcto
Álvaro Taveras,M1,492,,155,90,78,correcto
Álvaro Taveras,M1,493,,101,70,41,correcto
Álvaro Taveras,M1,494,,130,78,38,correcto
Álvaro Taveras,M1,495,,128,91,59,correcto
Álvaro Taveras,M1,496,,151,91,50,correcto
Álvaro Taveras,M1,497,,141,110,64,correcto
Álvaro Taveras,M1,498,,82,65,53,correcto
Álvaro Taveras,M1,499,,99,75,55,correcto
Álvaro Taveras,M1,500,,130,71,56,correcto
Álvaro Taveras,M1,501,,103,57,41,correcto
Álvaro Taveras,M1,502,,68,35,15,correcto
Álvaro Taveras,M1,503,,80,51,22,correcto
Álvaro Taveras,M1,504,,82,71,56,correcto
Álvaro Taveras,M1,505,,80,34,20,correcto
Álvaro Taveras,M1,506,,95,46,18,correcto
Álvaro Taveras,M1,507,,80,67,30,correcto
Álvaro Taveras,M1,508,,68,47,23,correcto
Álvaro Taveras,M1,509,,65,40,12,correcto
Álvaro Taveras,M1,510,,99,40,15,correcto
Álvaro Taveras,M2,511,,65,44,28,correcto
Álvaro Taveras,M2,512,,57,47,25,correcto
Álvaro Taveras,M2,513,,80,53,40,correcto
Álvaro Taveras,M2,514,,90,38,29,correcto
Álvaro Taveras,M2,515,,68,45,27,correcto
Álvaro Taveras,M2,516,,80,64,30,correcto
Álvaro Taveras,M2,517,,80,60,25,correcto
Álvaro Taveras,M2,518,,90,63,48,correcto
Álvaro Taveras,M2,519,,73,44,24,correcto
Álvaro Taveras,M2,520,,64,42,21,correcto
Álvaro Taveras,M2,521,,94,60,30,correcto
Álvaro Taveras,M2,522,,70,58,18,correcto
Álvaro Taveras,M2,523,,90,54,40,correcto
Álvaro Taveras,M2,524,,60,37,28,correcto
Álvaro Taveras,M2,525,,91,41,31,correcto
Álvaro Taveras,M2,526,,80,57,30,correcto
Álvaro Taveras,M2,527,,57,36,24,correcto
Álvaro Taveras,M2,528,,70,40,31,correcto
Álvaro Taveras,M2,529,,95,58,27,correcto
Álvaro Taveras,M2,530,,77,66,30,correcto
Álvaro Taveras,M2,531,,80,52,38,correcto
Álvaro Taveras,M2,532,,100,62,28,correcto
Álvaro Taveras,M2,533,,92,46,25,correcto
Álvaro Taveras,M2,534,,88,67,23,correcto
Álvaro Taveras,M2,535,,85,53,27,correcto
Álvaro Taveras,M2,536,,78,58,22,correcto
Álvaro Taveras,M2,537,,115,57,42,correcto
Álvaro Taveras,M2,538,,82,38,21,correcto
Álvaro Taveras,M2,539,,80,50,44,correcto
Álvaro Taveras,M2,540,,94,74,32,correcto
Álvaro Taveras,M3,541,,130,66,28,correcto
Álvaro Taveras,M3,542,,160,85,38,correcto
Álvaro Taveras,M3,543,,84,66,18,correcto
Álvaro Taveras,M3,544,,90,65,44,correcto
Álvaro Taveras,M3,545,,93,58,38,correcto
Álvaro Taveras,M3,546,,88,60,45,correcto
Álvaro Taveras,M3,547,,155,44,38,correcto
Álvaro Taveras,M3,548,,95,70,42,correcto
Álvaro Taveras,M3,549,,108,52,40,correcto
Álvaro Taveras,M3,550,,104,50,35,correcto
Álvaro Taveras,M3,551,,140,67,38,correcto
Álvaro Taveras,M3,552,,137,74,60,correcto
Álvaro Taveras,M3,553,,93,68,38,correcto
Álvaro Taveras,M3,554,,104,78,40,correcto
Álvaro Taveras,M3,555,,115,77,48,correcto
Álvaro Taveras,M3,556,,128,88,57,correcto
Álvaro Taveras,M3,557,,128,77,50,correcto
Álvaro Taveras,M3,558,,170,111,55,correcto
Álvaro Taveras,M3,559,,98,74,48,correcto
Álvaro Taveras,M3,560,,128,67,60,correcto
Álvaro Taveras,M3,561,,120,100,35,correcto
Álvaro Taveras,M3,562,,75,60,30,correcto
Álvaro Taveras,M3,563,,66,48,29,correcto
Álvaro Taveras,M3,564,,70,50,38,correcto
Álvaro Taveras,M3,565,,74,35,28,correcto
Álvaro Taveras,M3,566,,80,40,27,correcto
Álvaro Taveras,M3,567,,56,40,20,correcto
Álvaro Taveras,M3,568,,60,47,35,correcto
Álvaro Taveras,M3,569,,60,40,30,correcto
Álvaro Taveras,M3,570,,63,38,14,correcto
Álvaro Taveras,M4,571,,60,40,33,correcto
Álvaro Taveras,M4,572,,100,70,40,correcto
Álvaro Taveras,M4,573,,88,54,44,correcto
Álvaro Taveras,M4,574,,70,45,23,correcto
Álvaro Taveras,M4,575,,78,50,35,correcto
Álvaro Taveras,M4,576,,80,50,28,correcto
Álvaro Taveras,M4,577,,60,50,23,correcto
Álvaro Taveras,M4,578,,60,40,28,correcto
Álvaro Taveras,M4,579,,88,60,24,correcto
Álvaro Taveras,M4,580,,100,65,20,correcto
Álvaro Taveras,M4,581,,70,40,38,correcto
Álvaro Taveras,M4,582,,90,85,22,correcto
Álvaro Taveras,M4,583,,110,80,22,correcto
Álvaro Taveras,M4,584,,115,95,18,correcto
Álvaro Taveras,M4,585,,120,85,40,correcto
Álvaro Taveras,M4,586,,101,49,28,correcto
Álvaro Taveras,M4,587,,76,55,40,correcto
Álvaro Taveras,M4,588,,80,45,19,correcto
Álvaro Taveras,M4,589,,73,56,20,correcto
Álvaro Taveras,M4,590,,82,44,38,correcto
Álvaro Taveras,M4,591,,64,58,20,correcto
Álvaro Taveras,M4,592,,50,40,22,correcto
Álvaro Taveras,M4,593,,70,56,26,correcto
Álvaro Taveras,M4,594,,40,36,18,correcto
Álvaro Taveras,M4,595,,84,70,25,correcto
Álvaro Taveras,M4,596,,76,42,28,correcto
Álvaro Taveras,M4,597,,66,45,15,correcto
Álvaro Taveras,M4,598,,90,54,35,correcto
Álvaro Taveras,M4,599,,92,59,45,correcto
Álvaro Taveras,M4,600,,85,60,48,correcto
Álvaro Taveras,M5,601,,88,67,34,correcto
Álvaro Taveras,M5,602,,70,70,25,correcto
Álvaro Taveras,M5,603,,84,65,20,correcto
Álvaro Taveras,M5,604,,90,55,30,correcto
Álvaro Taveras,M5,605,,88,54,25,correcto
Álvaro Taveras,M5,606,,80,56,40,correcto
Álvaro Taveras,M5,607,,93,55,38,correcto
Álvaro Taveras,M5,608,,95,60,38,correcto
Álvaro Taveras,M5,609,,60,38,20,correcto
Álvaro Taveras,M5,610,,100,68,38,correcto
Álvaro Taveras,M5,611,,80,48,25,correcto
Álvaro Taveras,M5,612,,85,44,35,correcto
Álvaro Taveras,M5,613,,67,50,35,correcto
Álvaro Taveras,M5,614,,70,52,35,correcto
Álvaro Taveras,M5,615,,88,40,22,correcto
Álvaro Taveras,M5,616,,80,64,37,correcto
Álvaro Taveras,M5,617,,50,44,18,correcto
Álvaro Taveras,M5,618,,68,48,37,correcto
Álvaro Taveras,M5,619,,52,40,25,correcto
Álvaro Taveras,M5,620,,77,60,48,correcto
Álvaro Taveras,M5,621,,160,100,80,correcto
Álvaro Taveras,M5,622,,172,93,84,correcto
Álvaro Taveras,M5,623,,135,100,80,correcto
Álvaro Taveras,M5,624,,147,115,95,correcto
Álvaro Taveras,M5,625,,150,95,55,correcto
Álvaro Taveras,M5,626,,160,120,78,correcto
Álvaro Taveras,M5,627,,185,78,48,correcto
Álvaro Taveras,M5,628,,120,90,50,correcto
Álvaro Taveras,M5,629,,140,103,54,correcto
Álvaro Taveras,M5,630,,165,90,60,correcto
Álvaro Taveras,M6,631,,60,40,32,correcto
Álvaro Taveras,M6,632,,70,35,32,correcto
Álvaro Taveras,M6,633,,65,35,28,correcto
Álvaro Taveras,M6,634,,85,35,25,correcto
Álvaro Taveras,M6,635,,48,35,28,correcto
Álvaro Taveras,M6,636,,70,55,15,correcto
Álvaro Taveras,M6,637,,65,55,38,correcto
Álvaro Taveras,M6,638,,50,42,30,correcto
Álvaro Taveras,M6,639,,60,36,28,correcto
Álvaro Taveras,M6,640,,70,50,38,correcto
Álvaro Taveras,M6,641,,130,60,40,correcto
Álvaro Taveras,M6,642,,150,80,50,correcto
Álvaro Taveras,M6,643,,145,110,45,correcto
Álvaro Taveras,M6,644,,180,130,60,correcto
Álvaro Taveras,M6,645,,160,95,68,correcto
Álvaro Taveras,M6,646,,130,88,60,correcto
Álvaro Taveras,M6,647,,130,90,65,correcto
Álvaro Taveras,M6,648,,135,80,70,correcto
Álvaro Taveras,M6,649,,170,101,40,correcto
Álvaro Taveras,M6,650,,165,115,50,correcto
Álvaro Taveras,M6,651,,180,95,45,correcto
Álvaro Taveras,M6,652,,160,70,50,correcto
Álvaro Taveras,M6,653,,175,85,60,correcto
Álvaro Taveras,M6,654,,186,88,80,correcto
Álvaro Taveras,M6,655,,150,110,70,correcto
Álvaro Taveras,M6,656,,160,135,80,correcto
Álvaro Taveras,M6,657,,160,100,80,correcto
Álvaro Taveras,M6,658,,172,93,84,correcto
Álvaro Taveras,M6,659,,135,100,80,correcto
Álvaro Taveras,M6,660,,147,115,95,correcto
Álvaro Taveras,M7,661,,77,60,48,correcto
Álvaro Taveras,M7,662,,75,58,22,correcto
Álvaro Taveras,M7,663,,64,40,22,correcto
Álvaro Taveras,M7,664,,68,40,24,correcto
Álvaro Taveras,M7,665,,70,40,33,correcto
Álvaro Taveras,M7,666,,89,53,40,correcto
Álvaro Taveras,M7,667,,55,38,20,correcto
Álvaro Taveras,M7,668,,90,48,37,correcto
Álvaro Taveras,M7,669,,72,38,29,correcto
Álvaro Taveras,M7,670,,80,56,35,correcto
Álvaro Taveras,M7,671,,50,45,30,correcto
Álvaro Taveras,M7,672,,48,37,20,correcto
Álvaro Taveras,M7,673,,70,58,40,correcto
Álvaro Taveras,M7,674,,50,42,25,correcto
Álvaro Taveras,M7,675,,85,63,40,correcto
Álvaro Taveras,M7,676,,82,62,18,correcto
Álvaro Taveras,M7,677,,84,50,26,correcto
Álvaro Taveras,M7,678,,90,75,32,correcto
Álvaro Taveras,M7,679,,88,75,32,correcto
Álvaro Taveras,M7,680,,78,46,28,correcto
Álvaro Taveras,M7,681,,63,38,20,correcto
Álvaro Taveras,M7,682,,100,80,30,correcto
Álvaro Taveras,M7,683,,110,60,33,correcto
Álvaro Taveras,M7,684,,115,70,25,correcto
Álvaro Taveras,M7,685,,95,56,25,correcto
Álvaro Taveras,M7,686,,83,75,27,correcto
Álvaro Taveras,M7,687,,120,95,35,correcto
Álvaro Taveras,M7,688,,110,70,23,correcto
Álvaro Taveras,M7,689,,93,45,38,correcto
Álvaro Taveras,M7,690,,110,80,55,correcto
Lewis Cueto,M1,691,,90,80,40,correcto
Lewis Cueto,M1,692,,100,90,30,correcto
Lewis Cueto,M1,693,,130,75,50,correcto
Lewis Cueto,M1,694,,105,50,40,correcto
Lewis Cueto,M1,695,,70,65,45,correcto
Lewis Cueto,M1,696,,70,60,35,correcto
Lewis Cueto,M1,697,,85,60,50,correcto
Lewis Cueto,M1,698,,90,65,30,correcto
Lewis Cueto,M1,699,,75,60,40,correcto
Lewis Cueto,M1,700,,85,55,50,correcto
Lewis Cueto,M1,701,,85,50,40,correcto
Lewis Cueto,M1,702,,100,90,40,correcto
Lewis Cueto,M1,703,,85,75,30,correcto
Lewis Cueto,M1,704,,65,45,40,correcto
Lewis Cueto,M1,705,,75,55,25,correcto
Lewis Cueto,M1,706,,70,45,30,correcto
Lewis Cueto,M1,707,,60,50,30,correcto
Lewis Cueto,M1,708,,85,70,50,correcto
Lewis Cueto,M1,709,,75,65,40,correcto
Lewis Cueto,M1,710,,60,50,40,correcto
Lewis Cueto,M1,711,,80,75,35,correcto
Lewis Cueto,M1,712,,95,60,30,correcto
Lewis Cueto,M1,713,,110,60,25,correcto
Lewis Cueto,M1,714,,60,50,40,correcto
Lewis Cueto,M1,715,,70,60,30,correcto
Lewis Cueto,M1,716,,55,50,30,correcto
Lewis Cueto,M1,717,,80,55,30,correcto
Lewis Cueto,M1,718,,60,55,45,correcto
Lewis Cueto,M1,719,,100,45,30,correcto
Lewis Cueto,M1,720,,70,45,30,correcto
Lewis Cueto,M2,721,,85,55,45,correcto
Lewis Cueto,M2,722,,85,55,25,correcto
Lewis Cueto,M2,723,,80,60,45,correcto
Lewis Cueto,M2,724,,65,50,40,correcto
Lewis Cueto,M2,725,,95,55,35,correcto
Lewis Cueto,M2,726,,85,45,35,correcto
Lewis Cueto,M2,727,,60,45,30,correcto
Lewis Cueto,M2,728,,55,45,30,correcto
Lewis Cueto,M2,729,,60,50,30,correcto
Lewis Cueto,M2,730,,55,45,30,correcto
Lewis Cueto,M2,731,,80,50,25,correcto
Lewis Cueto,M2,732,,60,55,50,correcto
Lewis Cueto,M2,733,,65,55,30,correcto
Lewis Cueto,M2,734,,70,55,30,correcto
Lewis Cueto,M2,735,,75,60,40,correcto
Lewis Cueto,M2,736,,70,50,45,correcto
Lewis Cueto,M2,737,,60,45,25,correcto
Lewis Cueto,M2,738,,60,45,40,correcto
Lewis Cueto,M2,739,,65,35,30,correcto
Lewis Cueto,M2,740,,55,40,30,correcto
Lewis Cueto,M2,741,,55,40,35,correcto
Lewis Cueto,M2,742,,55,50,45,correcto
Lewis Cueto,M2,743,,90,50,45,correcto
Lewis Cueto,M2,744,,160,40,40,correcto
Lewis Cueto,M2,745,,85,50,40,correcto
Lewis Cueto,M2,746,,65,50,30,correcto
Lewis Cueto,M2,747,,75,50,35,correcto
Lewis Cueto,M2,748,,80,55,30,correcto
Lewis Cueto,M2,749,,90,50,35,correcto
Lewis Cueto,M2,750,,60,40,25,correcto
Lewis Cueto,M3,751,,75,50,30,correcto
Lewis Cueto,M3,752,,75,65,30,correcto
Lewis Cueto,M3,753,,80,40,30,correcto
Lewis Cueto,M3,754,,100,70,45,correcto
Lewis Cueto,M3,755,,115,110,55,correcto
Lewis Cueto,M3,756,,80,55,25,correcto
Lewis Cueto,M3,757,,100,75,25,correcto
Lewis Cueto,M3,758,,75,55,30,correcto
Lewis Cueto,M3,759,,90,50,35,correcto
Lewis Cueto,M3,760,,75,60,30,correcto
Lewis Cueto,M3,761,,75,50,20,correcto
Lewis Cueto,M3,762,,80,70,35,correcto
Lewis Cueto,M3,763,,80,50,30,correcto
Lewis Cueto,M3,764,,70,50,25,correcto
Lewis Cueto,M3,765,,60,50,25,correcto
Lewis Cueto,M3,766,,75,35,20,correcto
Lewis Cueto,M3,767,,75,45,30,correcto
Lewis Cueto,M3,768,,90,60,35,correcto
Lewis Cueto,M3,769,,90,80,55,correcto
Lewis Cueto,M3,770,,80,60,30,correcto
Lewis Cueto,M3,771,,90,70,40,correcto
Lewis Cueto,M3,772,,95,40,25,correcto
Lewis Cueto,M3,773,,100,45,25,correcto
Lewis Cueto,M3,774,,90,55,30,correcto
Lewis Cueto,M3,775,,95,65,45,correcto
Lewis Cueto,M3,776,,110,65,35,correcto
Lewis Cueto,M3,777,,70,40,40,correcto
Lewis Cueto,M3,778,,65,55,20,correcto
Lewis Cueto,M3,779,,80,60,40,correcto
Lewis Cueto,M3,780,,75,40,20,correcto
Lewis Cueto,M4,781,,80,50,35,correcto
Lewis Cueto,M4,782,,60,50,30,correcto
Lewis Cueto,M4,783,,80,50,35,correcto
Lewis Cueto,M4,784,,70,45,35,correcto
Lewis Cueto,M4,785,,90,40,35,correcto
Lewis Cueto,M4,786,,90,45,15,correcto
Lewis Cueto,M4,787,,95,70,25,correcto
Lewis Cueto,M4,788,,75,45,10,correcto
Lewis Cueto,M4,789,,70,50,25,correcto
Lewis Cueto,M4,790,,75,45,10,correcto
Lewis Cueto,M4,791,,80,60,35,correcto
Lewis Cueto,M4,792,,90,50,35,correcto
Lewis Cueto,M4,793,,85,65,25,correcto
Lewis Cueto,M4,794,,70,45,25,correcto
Lewis Cueto,M4,795,,60,50,10,correcto
Lewis Cueto,M4,796,,80,55,25,correcto
Lewis Cueto,M4,797,,75,40,30,correcto
Lewis Cueto,M4,798,,70,40,20,correcto
Lewis Cueto,M4,799,,80,65,40,correcto
Lewis Cueto,M4,800,,110,50,30,correcto
Lewis Cueto,M4,801,,80,60,25,correcto
Lewis Cueto,M4,802,,90,45,25,correcto
Lewis Cueto,M4,803,,80,50,20,correcto
Lewis Cueto,M4,804,,70,45,25,correcto
Lewis Cueto,M4,805,,75,55,25,correcto
Lewis Cueto,M4,806,,80,50,20,correcto
Lewis Cueto,M4,807,,85,75,35,correcto
Lewis Cueto,M4,808,,80,70,40,correcto
Lewis Cueto,M4,809,,120,50,35,correcto
Lewis Cueto,M4,810,,65,50,30,correcto
Lewis Cueto,M5,811,,100,85,25,correcto
Lewis Cueto,M5,812,,90,60,50,correcto
Lewis Cueto,M5,813,,100,40,25,correcto
Lewis Cueto,M5,814,,90,55,40,correcto
Lewis Cueto,M5,815,,120,55,25,correcto
Lewis Cueto,M5,816,,65,45,20,correcto
Lewis Cueto,M5,817,,85,50,30,correcto
Lewis Cueto,M5,818,,90,50,35,correcto
Lewis Cueto,M5,819,,60,50,20,correcto
Lewis Cueto,M5,820,,70,50,20,correcto
Lewis Cueto,M5,821,,75,50,20,correcto
Lewis Cueto,M5,822,,80,75,30,correcto
Lewis Cueto,M5,823,,75,45,25,correcto
Lewis Cueto,M5,824,,80,50,15,correcto
Lewis Cueto,M5,825,,80,65,15,correcto
Lewis Cueto,M5,826,,105,75,25,correcto
Lewis Cueto,M5,827,,55,45,25,correcto
Lewis Cueto,M5,828,,90,45,25,correcto
Lewis Cueto,M5,829,,70,40,35,correcto
Lewis Cueto,M5,830,,70,70,30,correcto
Lewis Cueto,M5,831,,60,45,30,correcto
Lewis Cueto,M5,832,,95,80,35,correcto
Lewis Cueto,M5,833,,90,75,30,correcto
Lewis Cueto,M5,834,,100,70,40,correcto
Lewis Cueto,M5,835,,65,45,15,correcto
Lewis Cueto,M5,836,,70,45,35,correcto
Lewis Cueto,M5,837,,70,55,45,correcto
Lewis Cueto,M5,838,,90,60,30,correcto
Lewis Cueto,M5,839,,70,70,30,correcto
Lewis Cueto,M5,840,,65,40,10,correcto
Lewis Cueto,M6,841,,85,50,25,correcto
Lewis Cueto,M6,842,,65,60,20,correcto
Lewis Cueto,M6,843,,70,45,25,correcto
Lewis Cueto,M6,844,,75,45,25,correcto
Lewis Cueto,M6,845,,90,60,45,correcto
Lewis Cueto,M6,846,,65,45,20,correcto
Lewis Cueto,M6,847,,80,45,35,correcto
Lewis Cueto,M6,848,,75,70,15,correcto
Lewis Cueto,M6,849,,65,45,15,correcto
Lewis Cueto,M6,850,,70,35,20,correcto
Lewis Cueto,M6,851,,65,45,35,correcto
Lewis Cueto,M6,852,,90,45,35,correcto
Lewis Cueto,M6,853,,60,45,25,correcto
Lewis Cueto,M6,854,,60,40,15,correcto
Lewis Cueto,M6,855,,75,45,40,correcto
Lewis Cueto,M6,856,,70,35,30,correcto
Lewis Cueto,M6,857,,65,60,30,correcto
Lewis Cueto,M6,858,,65,50,35,correcto
Lewis Cueto,M6,859,,55,35,20,correcto
Lewis Cueto,M6,860,,90,50,35,correcto
Lewis Cueto,M6,861,,85,50,30,correcto
Lewis Cueto,M6,862,,80,45,35,correcto
Lewis Cueto,M6,863,,65,40,35,correcto
Lewis Cueto,M6,864,,50,45,25,correcto
Lewis Cueto,M6,865,,90,50,40,correcto
Lewis Cueto,M6,866,,60,30,25,correcto
Lewis Cueto,M6,867,,45,35,23,correcto
Lewis Cueto,M6,868,,63,37,24,correcto
Lewis Cueto,M6,869,,54,43,32,correcto
Lewis Cueto,M6,870,,62,36,28,correcto
Lewis Cueto,M7,871,,75,55,23,correcto
Lewis Cueto,M7,872,,60,55,30,correcto
Lewis Cueto,M7,873,,90,60,35,correcto
Lewis Cueto,M7,874,,60,34,25,correcto
Lewis Cueto,M7,875,,75,40,30,correcto
Lewis Cueto,M7,876,,73,55,40,correcto
Lewis Cueto,M7,877,,65,50,30,correcto
Lewis Cueto,M7,878,,105,72,42,correcto
Lewis Cueto,M7,879,,72,60,40,correcto
Lewis Cueto,M7,880,,96,40,35,correcto
Lewis Cueto,M7,881,,75,40,25,correcto
Lewis Cueto,M7,882,,65,55,30,correcto
Lewis Cueto,M7,883,,78,37,17,correcto
Lewis Cueto,M7,884,,120,60,21,correcto
Lewis Cueto,M7,885,,105,56,24,correcto
Lewis Cueto,M7,886,,81,55,30,correcto
Lewis Cueto,M7,887,,75,55,30,correcto
Lewis Cueto,M7,888,,78,53,32,correcto
Lewis Cueto,M7,889,,76,65,43,correcto
Lewis Cueto,M7,890,,105,63,32,correcto
Lewis Cueto,M7,891,,76,52,36,correcto
Lewis Cueto,M7,892,,57,48,23,correcto
Lewis Cueto,M7,893,,66,53,30,correcto
Lewis Cueto,M7,894,,63,48,28,correcto
Lewis Cueto,M7,895,,73,48,29,correcto
Lewis Cueto,M7,896,,72,50,21,correcto
Lewis Cueto,M7,897,,71,42,25,correcto
Lewis Cueto,M7,898,,62,38,28,correcto
Lewis Cueto,M7,899,,68,37,30,correcto
Lewis Cueto,M7,900,,73,36,21,correcto
Lewis Cueto y Daniel Beltrés,Ocoa,901,,89,60,42,correcto
Lewis Cueto y Daniel Beltrés,Ocoa,902,,91,53,31,correcto
Lewis Cueto y Daniel Beltrés,Ocoa,903,,67,52,30,correcto
Lewis Cueto y Daniel Beltrés,Ocoa,904,,96,55,38,correcto
Lewis Cueto y Daniel Beltrés,Ocoa,905,,83,61,30,correcto
Lewis Cueto y Daniel Beltrés,Ocoa,906,,71,52,43,correcto
Lewis Cueto y Daniel Beltrés,Ocoa,907,,91,52,45,correcto
Lewis Cueto y Daniel Beltrés,Ocoa,908,,70,50,35,correcto
Lewis Cueto y Daniel Beltrés,Ocoa,909,,86,65,40,correcto
Lewis Cueto y Daniel Beltrés,Ocoa,910,,91,68,26,correcto
Lewis Cueto y Daniel Beltrés,Ocoa,911,,120,75,58,correcto
Lewis Cueto y Daniel Beltrés,Ocoa,912,,150,100,61,correcto
Lewis Cueto y Daniel Beltrés,Ocoa,913,,81,75,63,correcto
Lewis Cueto y Daniel Beltrés,Ocoa,914,,150,73,40,correcto
Lewis Cueto y Daniel Beltrés,Ocoa,915,,76,38,35,correcto
Lewis Cueto y Daniel Beltrés,Ocoa,916,,82,63,53,correcto
Lewis Cueto y Daniel Beltrés,Ocoa,917,,96,55,40,correcto
Lewis Cueto y Daniel Beltrés,Ocoa,918,,76,55,40,correcto
Lewis Cueto y Daniel Beltrés,Ocoa,919,,100,90,43,correcto
Lewis Cueto y Daniel Beltrés,Ocoa,920,,125,73,43,correcto
Lewis Cueto y Daniel Beltrés,Ocoa,921,,130,73,60,correcto
Lewis Cueto y Daniel Beltrés,Ocoa,922,,65,50,32,correcto
Lewis Cueto y Daniel Beltrés,Ocoa,923,,120,110,70,correcto
Lewis Cueto y Daniel Beltrés,Ocoa,924,,150,115,63,correcto
Lewis Cueto y Daniel Beltrés,Ocoa,925,,130,90,61,correcto
Lewis Cueto y Daniel Beltrés,Ocoa,926,,98,63,25,correcto
Lewis Cueto y Daniel Beltrés,Ocoa,927,,110,100,60,correcto
Lewis Cueto y Daniel Beltrés,Ocoa,928,,115,90,35,correcto
Lewis Cueto y Daniel Beltrés,Ocoa,929,,130,110,65,correcto
Lewis Cueto y Daniel Beltrés,Ocoa,930,,133,120,65,correcto
Miqueas Ventura,M1,931,sedimentaria,122,58,33,correcto
Miqueas Ventura,M1,932,sedimentaria,68,55,36,correcto
Miqueas Ventura,M1,933,sedimentaria,89,65,33,correcto
Miqueas Ventura,M1,934,ígnea,85,71,50,correcto
Miqueas Ventura,M1,935,sedimentaria,81,59,37,correcto
Miqueas Ventura,M1,936,sedimentaria,99,54,45,correcto
Miqueas Ventura,M1,937,sedimentaria,103,53,37,correcto
Miqueas Ventura,M1,938,sedimentaria,102,68,39,correcto
Miqueas Ventura,M1,939,sedimentaria,120,45,24,correcto
Miqueas Ventura,M1,940,sedimentaria,61,58,55,correcto
Miqueas Ventura,M1,941,sedimentaria,78,57,45,correcto
Miqueas Ventura,M1,942,sedimentaria,98,71,37,correcto
Miqueas Ventura,M1,943,sedimentaria,78,44,25,correcto
Miqueas Ventura,M1,944,sedimentaria,76,60,45,correcto
Miqueas Ventura,M1,945,sedimentaria,96,73,61,correcto
Miqueas Ventura,M1,946,sedimentaria,85,49,35,correcto
Miqueas Ventura,M1,947,sedimentaria,101,56,18,correcto
Miqueas Ventura,M1,948,sedimentaria,108,62,42,correcto
Miqueas Ventura,M1,949,sedimentaria,90,68,35,correcto
Miqueas Ventura,M1,950,sedimentaria,115,65,30,correcto
Miqueas Ventura,M1,951,sedimentaria,88,55,29,correcto
Miqueas Ventura,M1,952,sedimentaria,60,53,21,correcto
Miqueas Ventura,M1,953,sedimentaria,97,53,30,correcto
Miqueas Ventura,M1,954,sedimentaria,67,62,42,correcto
Miqueas Ventura,M1,955,sedimentaria,72,51,42,correcto
Miqueas Ventura,M1,956,metamórfica,73,43,40,correcto
Miqueas Ventura,M1,957,sedimentaria,60,45,40,correcto
Miqueas Ventura,M1,958,sedimentaria,114,40,38,correcto
Miqueas Ventura,M1,959,sedimentaria,109,51,33,correcto
Miqueas Ventura,M1,960,sedimentaria,55,49,37,correcto
Miqueas Ventura,M2,961,,111.5,94,82,correcto
Miqueas Ventura,M2,962,,94,76,50,correcto
Miqueas Ventura,M2,963,,84,67,45,correcto
Miqueas Ventura,M2,964,,107,62,52,correcto
Miqueas Ventura,M2,965,,88,60,42,correcto
Miqueas Ventura,M2,966,,94,65,43,correcto
Miqueas Ventura,M2,967,,69,66,58,correcto
Miqueas Ventura,M2,968,,88,64,51,correcto
Miqueas Ventura,M2,969,,96,69,48,correcto
Miqueas Ventura,M2,970,,85,59,49,correcto
Miqueas Ventura,M2,971,,76,54,47,correcto
Miqueas Ventura,M2,972,,106,55,31,correcto
Miqueas Ventura,M2,973,,83,53,41,correcto
Miqueas Ventura,M2,974,,97,66,40,correcto
Miqueas Ventura,M2,975,,109,62,41,correcto
Miqueas Ventura,M2,976,,83,69,33,correcto
Miqueas Ventura,M2,977,,75,63,53,correcto
Miqueas Ventura,M2,978,,87,70,33,correcto
Miqueas Ventura,M2,979,,65,64,19,correcto
Miqueas Ventura,M2,980,,88,57,33,correcto
Miqueas Ventura,M2,981,,108,69,46,correcto
Miqueas Ventura,M2,982,,89,56,26,correcto
Miqueas Ventura,M2,983,,96,60,26,correcto
Miqueas Ventura,M2,984,,100,70,47,correcto
Miqueas Ventura,M2,985,,87,50,46,correcto
Miqueas Ventura,M2,986,,57,53,37,correcto
Miqueas Ventura,M2,987,,66,65,42,correcto
Miqueas Ventura,M2,988,,63,49,24,correcto
Miqueas Ventura,M2,989,,56,45,32,correcto
Miqueas Ventura,M2,990,,101,59,29,correcto
Miqueas Ventura,M3,991,,74,58,39,correcto
Miqueas Ventura,M3,992,,70,44,17,correcto
Miqueas Ventura,M3,993,,88,70,23,correcto
Miqueas Ventura,M3,994,,92,71,39,correcto
Miqueas Ventura,M3,995,,94,57,35,correcto
Miqueas Ventura,M3,996,,69,56,42,correcto
Miqueas Ventura,M3,997,,81,50,19,correcto
Miqueas Ventura,M3,998,,62,51,35,correcto
Miqueas Ventura,M3,999,,70,48,25,correcto
Miqueas Ventura,M3,1000,,79,69,35,correcto
Miqueas Ventura,M3,1001,,65,49,27,correcto
Miqueas Ventura,M3,1002,,71,47,28,correcto
Miqueas Ventura,M3,1003,,94,76,49,correcto
Miqueas Ventura,M3,1004,,73,49,31,correcto
Miqueas Ventura,M3,1005,,105,47,34,correcto
Miqueas Ventura,M3,1006,,113,76,57,correcto
Miqueas Ventura,M3,1007,,107,79,56,correcto
Miqueas Ventura,M3,1008,,108,54,25,correcto
Miqueas Ventura,M3,1009,,65,44,20,correcto
Miqueas Ventura,M3,1010,,88,79,38,correcto
Miqueas Ventura,M3,1011,,70,52,12,correcto
Miqueas Ventura,M3,1012,,84,44,22,correcto
Miqueas Ventura,M3,1013,,75,62,32,correcto
Miqueas Ventura,M3,1014,,60,37,20,correcto
Miqueas Ventura,M3,1015,,62,52,41,correcto
Miqueas Ventura,M3,1016,,75,51,24,correcto
Miqueas Ventura,M3,1017,,75,44,19,correcto
Miqueas Ventura,M3,1018,,69,52,28,correcto
Miqueas Ventura,M3,1019,,54,50,28,correcto
Miqueas Ventura,M3,1020,,55,45,32,correcto
Miqueas Ventura,M4,1021,,109,105,51,correcto
Miqueas Ventura,M4,1022,,113,83,57,correcto
Miqueas Ventura,M4,1023,,129,90,59,correcto
Miqueas Ventura,M4,1024,,98,81,57,correcto
Miqueas Ventura,M4,1025,,97,79,55,correcto
Miqueas Ventura,M4,1026,,153,91,51,correcto
Miqueas Ventura,M4,1027,,116,69,31,correcto
Miqueas Ventura,M4,1028,,80,68,56,correcto
Miqueas Ventura,M4,1029,,101,77,65,correcto
Miqueas Ventura,M4,1030,,93,50,46,correcto
Miqueas Ventura,M4,1031,,87,67,32,correcto
Miqueas Ventura,M4,1032,,79,65,49,correcto
Miqueas Ventura,M4,1033,,89,78,52,correcto
Miqueas Ventura,M4,1034,,110,68,60,correcto
Miqueas Ventura,M4,1035,,103,76,62,correcto
Miqueas Ventura,M4,1036,,91,69,54,correcto
Miqueas Ventura,M4,1037,,139,64,52,correcto
Miqueas Ventura,M4,1038,,93,76,61,correcto
Miqueas Ventura,M4,1039,,90,84,31,correcto
Miqueas Ventura,M4,1040,,103,84,56,correcto
Miqueas Ventura,M4,1041,,100,72,39,correcto
Miqueas Ventura,M4,1042,,94,67,56,correcto
Miqueas Ventura,M4,1043,,81,67,57,correcto
Miqueas Ventura,M4,1044,,92,76,58,correcto
Miqueas Ventura,M4,1045,,88,61,55,correcto
Miqueas Ventura,M4,1046,,109,77,61,correcto
Miqueas Ventura,M4,1047,,81,68,55,correcto
Miqueas Ventura,M4,1048,,122,90,46,correcto
Miqueas Ventura,M4,1049,,97,68,48,correcto
Miqueas Ventura,M4,1050,,87,64,57,correcto
Miqueas Ventura,M5,1051,,104,49,13,correcto
Miqueas Ventura,M5,1052,,61,23,15,correcto
Miqueas Ventura,M5,1053,,88,38,22,correcto
Miqueas Ventura,M5,1054,,78,60,12,correcto
Miqueas Ventura,M5,1055,,125,82,27,correcto
Miqueas Ventura,M5,1056,,52,35,11,correcto
Miqueas Ventura,M5,1057,,101,70,52,correcto
Miqueas Ventura,M5,1058,,81,26,13,correcto
Miqueas Ventura,M5,1059,,85,39,25,correcto
Miqueas Ventura,M5,1060,,64,39,24,correcto
Miqueas Ventura,M5,1061,,71,33,14,correcto
Miqueas Ventura,M5,1062,,84,51,14,correcto
Miqueas Ventura,M5,1063,,71,51,8,correcto
Miqueas Ventura,M5,1064,,51,34,26,correcto
Miqueas Ventura,M5,1065,,56,41,25,correcto
Miqueas Ventura,M5,1066,,81,33,10,correcto
Miqueas Ventura,M5,1067,,100,68,10,correcto
Miqueas Ventura,M5,1068,,72,27,10,correcto
Miqueas Ventura,M5,1069,,90,76,35,correcto
Miqueas Ventura,M5,1070,,35,33,30,correcto
Miqueas Ventura,M5,1071,,107,86,72,correcto
Miqueas Ventura,M5,1072,,78,57,47,correcto
Miqueas Ventura,M5,1073,,130,106,30,correcto
Miqueas Ventura,M5,1074,,126,76,64,correcto
Miqueas Ventura,M5,1075,,110,64,38,correcto
Miqueas Ventura,M5,1076,,94,81,64,correcto
Miqueas Ventura,M5,1077,,83,47,38,correcto
Miqueas Ventura,M5,1078,,90,80,64,correcto
Miqueas Ventura,M5,1079,,78,60,48,correcto
Miqueas Ventura,M5,1080,,83,64,58,correcto
Miqueas Ventura,M6,1081,,82,69,35,correcto
Miqueas Ventura,M6,1082,,105,60,28,correcto
Miqueas Ventura,M6,1083,,101,69,47,correcto
Miqueas Ventura,M6,1084,,103,75,59,correcto
Miqueas Ventura,M6,1085,,76,62,35,correcto
Miqueas Ventura,M6,1086,,81,45,29,correcto
Miqueas Ventura,M6,1087,,100,76,46,correcto
Miqueas Ventura,M6,1088,,115,48,32,correcto
Miqueas Ventura,M6,1089,,68,42,39,correcto
Miqueas Ventura,M6,1090,,62,54,38,correcto
Miqueas Ventura,M6,1091,,70,44,40,correcto
Miqueas Ventura,M6,1092,,84,72,35,correcto
Miqueas Ventura,M6,1093,,86,54,30,correcto
Miqueas Ventura,M6,1094,,84,63,29,correcto
Miqueas Ventura,M6,1095,,89,55,40,correcto
Miqueas Ventura,M6,1096,,66,47,43,correcto
Miqueas Ventura,M6,1097,,104,75,43,correcto
Miqueas Ventura,M6,1098,,66,51,36,correcto
Miqueas Ventura,M6,1099,,92,73,31,correcto
Miqueas Ventura,M6,1100,,105,43,25,correcto
Miqueas Ventura,M6,1101,,55,54,33,correcto
Miqueas Ventura,M6,1102,,65,54,28,correcto
Miqueas Ventura,M6,1103,,67,52,25,correcto
Miqueas Ventura,M6,1104,,77,52,25,correcto
Miqueas Ventura,M6,1105,,80,34,31,correcto
Miqueas Ventura,M6,1106,,69,40,25,correcto
Miqueas Ventura,M6,1107,,60,32,22,correcto
Miqueas Ventura,M6,1108,,53,40,13,correcto
Miqueas Ventura,M6,1109,,64,51,21,correcto
Miqueas Ventura,M6,1110,,60,39,32,correcto
Miqueas Ventura,M7,1111,,115,85,27,correcto
Miqueas Ventura,M7,1112,,70,45,24,correcto
Miqueas Ventura,M7,1113,,106,97,45,correcto
Miqueas Ventura,M7,1114,,117,68,31,correcto
Miqueas Ventura,M7,1115,,112,75,56,correcto
Miqueas Ventura,M7,1116,,93,37,13,correcto
Miqueas Ventura,M7,1117,,95,45,22,correcto
Miqueas Ventura,M7,1118,,99,56,38,correcto
Miqueas Ventura,M7,1119,,108,85,50,correcto
Miqueas Ventura,M7,1120,,89,77,60,correcto
Miqueas Ventura,M7,1121,,62,42,30,correcto
Miqueas Ventura,M7,1122,,82,45,40,correcto
Miqueas Ventura,M7,1123,,107,95,39,correcto
Miqueas Ventura,M7,1124,,107,33,21,correcto
Miqueas Ventura,M7,1125,,67,55,40,correcto
Miqueas Ventura,M7,1126,,107,45,32,correcto
Miqueas Ventura,M7,1127,,104,73,48,correcto
Miqueas Ventura,M7,1128,,100,67,21,correcto
Miqueas Ventura,M7,1129,,81,55,25,correcto
Miqueas Ventura,M7,1130,,102,84,45,correcto
Miqueas Ventura,M7,1131,,107,76,56,correcto
Miqueas Ventura,M7,1132,,102,76,64,correcto
Miqueas Ventura,M7,1133,,110,59,45,correcto
Miqueas Ventura,M7,1134,,86,70,60,correcto
Miqueas Ventura,M7,1135,,72,51,42,correcto
Miqueas Ventura,M7,1136,,62,52,37,correcto
Miqueas Ventura,M7,1137,,76,61,36,correcto
Miqueas Ventura,M7,1138,,63,56,22,correcto
Miqueas Ventura,M7,1139,,73,69,41,correcto
Miqueas Ventura,M7,1140,,68,55,12,correcto
Kesia Ferreras,M1,1141,,50,45,37,correcto
Kesia Ferreras,M1,1142,,67,39,36,correcto
Kesia Ferreras,M1,1143,,50,42,25,correcto
Kesia Ferreras,M1,1144,,72,65,35,correcto
Kesia Ferreras,M1,1145,,36,20,32,hay error en los datos
Kesia Ferreras,M1,1146,,49,33,30,correcto
Kesia Ferreras,M1,1147,,55,45,22,correcto
Kesia Ferreras,M1,1148,,55,35,30,correcto
Kesia Ferreras,M1,1149,,65,55,15,correcto
Kesia Ferreras,M1,1150,,102,50,45,correcto
Kesia Ferreras,M1,1151,,90,75,27,correcto
Kesia Ferreras,M1,1152,,55,35,16,correcto
Kesia Ferreras,M1,1153,,76,52,36,correcto
Kesia Ferreras,M1,1154,,65,60,27,correcto
Kesia Ferreras,M1,1155,,67,30,40,hay error en los datos
Kesia Ferreras,M1,1156,,80,62,45,correcto
Kesia Ferreras,M1,1157,,110,60,45,correcto
Kesia Ferreras,M1,1158,,68,55,22,correcto
Kesia Ferreras,M1,1159,,52,47,35,correcto
Kesia Ferreras,M1,1160,,62,54,45,correcto
Kesia Ferreras,M1,1161,,80,65,30,correcto
Kesia Ferreras,M1,1162,,72,45,35,correcto
Kesia Ferreras,M1,1163,,80,63,25,correcto
Kesia Ferreras,M1,1164,,70,40,40,correcto
Kesia Ferreras,M1,1165,,60,50,25,correcto
Kesia Ferreras,M1,1166,,80,45,27,correcto
Kesia Ferreras,M1,1167,,57,40,25,correcto
Kesia Ferreras,M1,1168,,80,35,31,correcto
Kesia Ferreras,M1,1169,,67,52,23,correcto
Kesia Ferreras,M1,1170,,100,83,53,correcto
Kesia Ferreras,M2,1171,,103,83,52,correcto
Kesia Ferreras,M2,1172,,71,59,29,correcto
Kesia Ferreras,M2,1173,,72,65,46,correcto
Kesia Ferreras,M2,1174,,122,65,59,correcto
Kesia Ferreras,M2,1175,,68,65,39,correcto
Kesia Ferreras,M2,1176,,140,55,52,correcto
Kesia Ferreras,M2,1177,,75,49,27,correcto
Kesia Ferreras,M2,1178,,80,67,34,correcto
Kesia Ferreras,M2,1179,,75,60,24,correcto
Kesia Ferreras,M2,1180,,68,64,51,correcto
Kesia Ferreras,M2,1181,,110,70,60,correcto
Kesia Ferreras,M2,1182,,75,67,40,correcto
Kesia Ferreras,M2,1183,,102,81,69,correcto
Kesia Ferreras,M2,1184,,90,80,30,correcto
Kesia Ferreras,M2,1185,,95,63,55,correcto
Kesia Ferreras,M2,1186,,66,52,36,correcto
Kesia Ferreras,M2,1187,,82,40,26,correcto
Kesia Ferreras,M2,1188,,87,59,48,correcto
Kesia Ferreras,M2,1189,,85,60,50,correcto
Kesia Ferreras,M2,1190,,85,69,35,correcto
Kesia Ferreras,M2,1191,,44,33,22,correcto
Kesia Ferreras,M2,1192,,85,70,38,correcto
Kesia Ferreras,M2,1193,,70,62,62,correcto
Kesia Ferreras,M2,1194,,85,43,26,correcto
Kesia Ferreras,M2,1195,,84,69,53,correcto
Kesia Ferreras,M2,1196,,54,50,28,correcto
Kesia Ferreras,M2,1197,,78,46,21,correcto
Kesia Ferreras,M2,1198,,76,72,30,correcto
Kesia Ferreras,M2,1199,,60,45,31,correcto
Kesia Ferreras,M2,1200,sedimentaria,80,51,36,correcto
Kesia Ferreras,M3,1201,sedimentaria,55,42,16,correcto
Kesia Ferreras,M3,1202,sedimentaria,38,34,24,correcto
Kesia Ferreras,M3,1203,sedimentaria,57,45,18,correcto
Kesia Ferreras,M3,1204,sedimentaria,60,32,18,correcto
Kesia Ferreras,M3,1205,metamórfica,67,33,21,correcto
Kesia Ferreras,M3,1206,metamórfica,40,37,20,correcto
Kesia Ferreras,M3,1207,sedimentaria,56,35,20,correcto
Kesia Ferreras,M3,1208,sedimentaria,40,34,12,correcto
Kesia Ferreras,M3,1209,sedimentaria,32,32,15,correcto
Kesia Ferreras,M3,1210,sedimentaria,77,39,23,correcto
Kesia Ferreras,M3,1211,sedimentaria,55,33,28,correcto
Kesia Ferreras,M3,1212,sedimentaria,50,36,15,correcto
Kesia Ferreras,M3,1213,metamórfica,73,45,38,correcto
Kesia Ferreras,M3,1214,sedimentaria,48,33,21,correcto
Kesia Ferreras,M3,1215,sedimentaria,60,45,36,correcto
Kesia Ferreras,M3,1216,ígnea,45,33,20,correcto
Kesia Ferreras,M3,1217,sedimentaria,73,39,16,correcto
Kesia Ferreras,M3,1218,sedimentaria,70,38,18,correcto
Kesia Ferreras,M3,1219,sedimentaria,48,45,23,correcto
Kesia Ferreras,M3,1220,sedimentaria,48,30,25,correcto
Kesia Ferreras,M3,1221,sedimentaria,47,35,21,correcto
Kesia Ferreras,M3,1222,sedimentaria,50,33,20,correcto
Kesia Ferreras,M3,1223,sedimentaria,43,32,25,correcto
Kesia Ferreras,M3,1224,sedimentaria,50,35,32,correcto
Kesia Ferreras,M3,1225,ígnea,40,33,25,correcto
Kesia Ferreras,M3,1226,ígnea,47,34,9,correcto
Kesia Ferreras,M3,1227,sedimentaria,37,33,25,correcto
Kesia Ferreras,M3,1228,,35,33,224,hay error en los datos
Kesia Ferreras,M3,1229,,,,,faltan valores
Kesia Ferreras,M3,1230,,,,,faltan valores
Kesia Ferreras,M4,1231,,73,49,23,correcto
Kesia Ferreras,M4,1232,,84,70,69,correcto
Kesia Ferreras,M4,1233,,110,62,44,correcto
Kesia Ferreras,M4,1234,,70,67,53,correcto
Kesia Ferreras,M4,1235,,72,54,40,correcto
Kesia Ferreras,M4,1236,,62,52,42,correcto
Kesia Ferreras,M4,1237,,74,44,44,correcto
Kesia Ferreras,M4,1238,,49,49,24,correcto
Kesia Ferreras,M4,1239,,73,68,36,correcto
Kesia Ferreras,M4,1240,,80,60,40,correcto
Kesia Ferreras,M4,1241,,51,49,34,correcto
Kesia Ferreras,M4,1242,,91,43,35,correcto
Kesia Ferreras,M4,1243,,50,44,36,correcto
Kesia Ferreras,M4,1244,,79,54,35,correcto
Kesia Ferreras,M4,1245,,100,50,34,correcto
Kesia Ferreras,M4,1246,,83,70,46,correcto
Kesia Ferreras,M4,1247,,74,49,33,correcto
Kesia Ferreras,M4,1248,,60,49,39,correcto
Kesia Ferreras,M4,1249,,75,51,51,correcto
Kesia Ferreras,M4,1250,,77,43,40,correcto
Kesia Ferreras,M4,1251,,66,37,31,correcto
Kesia Ferreras,M4,1252,,80,73,51,correcto
Kesia Ferreras,M4,1253,,75,52,48,correcto
Kesia Ferreras,M4,1254,,49,35,32,correcto
Kesia Ferreras,M4,1255,,82,45,32,correcto
Kesia Ferreras,M4,1256,,51,48,48,correcto
Kesia Ferreras,M4,1257,,84,60,24,correcto
Kesia Ferreras,M4,1258,,123,56,50,correcto
Kesia Ferreras,M4,1259,,81,49,31,correcto
Kesia Ferreras,M4,1260,,90,70,41,correcto
Kesia Ferreras,M5,1261,,86,74,53,correcto
Kesia Ferreras,M5,1262,,75,65,42,correcto
Kesia Ferreras,M5,1263,,69,63,39,correcto
Kesia Ferreras,M5,1264,,101,82,59,correcto
Kesia Ferreras,M5,1265,,96,62,63,hay error en los datos
Kesia Ferreras,M5,1266,,89,80,60,correcto
Kesia Ferreras,M5,1267,,98,67,42,correcto
Kesia Ferreras,M5,1268,,77,56,35,correcto
Kesia Ferreras,M5,1269,,83,63,69,hay error en los datos
Kesia Ferreras,M5,1270,,87,52,55,hay error en los datos
Kesia Ferreras,M5,1271,,85,33,27,correcto
Kesia Ferreras,M5,1272,,123,67,51,correcto
Kesia Ferreras,M5,1273,,46,60,35,hay error en los datos
Kesia Ferreras,M5,1274,,84,42,24,correcto
Kesia Ferreras,M5,1275,,85,67,53,correcto
Kesia Ferreras,M5,1276,,91,59,38,correcto
Kesia Ferreras,M5,1277,,109,70,59,correcto
Kesia Ferreras,M5,1278,,100,71,64,correcto
Kesia Ferreras,M5,1279,,102,86,55,correcto
Kesia Ferreras,M5,1280,,97,60,28,correcto
Kesia Ferreras,M5,1281,,76,37,52,hay error en los datos
Kesia Ferreras,M5,1282,,85,33,38,hay error en los datos
Kesia Ferreras,M5,1283,,77,45,24,correcto
Kesia Ferreras,M5,1284,,54,43,34,correcto
Kesia Ferreras,M5,1285,,83,69,37,correcto
Kesia Ferreras,M5,1286,,102,81,58,correcto
Kesia Ferreras,M5,1287,,140,52,63,hay error en los datos
Kesia Ferreras,M5,1288,,91,76,48,correcto
Kesia Ferreras,M5,1289,,136,65,61,correcto
Kesia Ferreras,M5,1290,,102,83,39,correcto
Kesia Ferreras,M6,1291,,56,43,18,correcto
Kesia Ferreras,M6,1292,,83,50,37,correcto
Kesia Ferreras,M6,1293,,67,52,17,correcto
Kesia Ferreras,M6,1294,,60,30,23,correcto
Kesia Ferreras,M6,1295,,38,32,18,correcto
Kesia Ferreras,M6,1296,,76,33,13,correcto
Kesia Ferreras,M6,1297,,52,34,12,correcto
Kesia Ferreras,M6,1298,,40,36,20,correcto
Kesia Ferreras,M6,1299,,35,33,8,correcto
Kesia Ferreras,M6,1300,,70,37,18,correcto
Kesia Ferreras,M6,1301,,48,35,23,correcto
Kesia Ferreras,M6,1302,,60,45,34,correcto
Kesia Ferreras,M6,1303,,37,32,18,correcto
Kesia Ferreras,M6,1304,,46,33,15,correcto
Kesia Ferreras,M6,1305,,45,37,10,correcto
Kesia Ferreras,M6,1306,,56,37,20,correcto
Kesia Ferreras,M6,1307,,47,30,29,correcto
Kesia Ferreras,M6,1308,,54,27,14,correcto
Kesia Ferreras,M6,1309,,62,41,26,correcto
Kesia Ferreras,M6,1310,,38,30,17,correcto
Kesia Ferreras,M6,1311,,42,33,12,correcto
Kesia Ferreras,M6,1312,,60,35,9,correcto
Kesia Ferreras,M6,1313,,41,37,12,correcto
Kesia Ferreras,M6,1314,,47,46,31,correcto
Kesia Ferreras,M6,1315,,53,32,18,correcto
Kesia Ferreras,M6,1316,,70,41,27,correcto
Kesia Ferreras,M6,1317,,47,43,28,correcto
Kesia Ferreras,M6,1318,,49,35,22,correcto
Kesia Ferreras,M6,1319,,51,40,27,correcto
Kesia Ferreras,M6,1320,,49,37,18,correcto
Kesia Ferreras,M7,1321,,98,83,57,correcto
Kesia Ferreras,M7,1322,,101,72,60,correcto
Kesia Ferreras,M7,1323,,87,69,50,correcto
Kesia Ferreras,M7,1324,,97,81,63,correcto
Kesia Ferreras,M7,1325,,107,52,49,correcto
Kesia Ferreras,M7,1326,,106,85,36,correcto
Kesia Ferreras,M7,1327,,100,67,52,correcto
Kesia Ferreras,M7,1328,,73,50,29,correcto
Kesia Ferreras,M7,1329,,130,83,55,correcto
Kesia Ferreras,M7,1330,,100,72,38,correcto
Kesia Ferreras,M7,1331,,99,83,52,correcto
Kesia Ferreras,M7,1332,,87,64,36,correcto
Kesia Ferreras,M7,1333,,101,53,22,correcto
Kesia Ferreras,M7,1334,,85,60,24,correcto
Kesia Ferreras,M7,1335,,89,51,38,correcto
Kesia Ferreras,M7,1336,,96,48,26,correcto
Kesia Ferreras,M7,1337,,111,54,41,correcto
Kesia Ferreras,M7,1338,,95,48,36,correcto
Kesia Ferreras,M7,1339,,100,65,29,correcto
Kesia Ferreras,M7,1340,,120,80,59,correcto
Kesia Ferreras,M7,1341,,78,57,44,correcto
Kesia Ferreras,M7,1342,,87,71,63,correcto
Kesia Ferreras,M7,1343,,99,47,52,hay error en los datos
Kesia Ferreras,M7,1344,,86,40,30,correcto
Kesia Ferreras,M7,1345,,93,81,54,correcto
Kesia Ferreras,M7,1346,,102,57,40,correcto
Kesia Ferreras,M7,1347,,88,61,39,correcto
Kesia Ferreras,M7,1348,,95,72,31,correcto
Kesia Ferreras,M7,1349,,47,45,28,correcto
Kesia Ferreras,M7,1350,,93,67,59,correcto
Daniel Beltrés,M1,1351,sedimentaria,100,70,51,correcto
Daniel Beltrés,M1,1352,sedimentaria,112,72,43,correcto
Daniel Beltrés,M1,1353,sedimentaria,90,65,43,correcto
Daniel Beltrés,M1,1354,metamórfica,89,85,62,correcto
Daniel Beltrés,M1,1355,metamórfica,92,72,52,correcto
Daniel Beltrés,M1,1356,sedimentaria,85,53,38,correcto
Daniel Beltrés,M1,1357,metamórfica,78,65,42,correcto
Daniel Beltrés,M1,1358,metamórfica,82,48,42,correcto
Daniel Beltrés,M1,1359,sedimentaria,81,78,42,correcto
Daniel Beltrés,M1,1360,metamórfica,121,71,52,correcto
Daniel Beltrés,M1,1361,metamórfica,82,47,22,correcto
Daniel Beltrés,M1,1362,metamórfica,68,62,47,correcto
Daniel Beltrés,M1,1363,metamórfica,75,62,29,correcto
Daniel Beltrés,M1,1364,metamórfica,93,62,39,correcto
Daniel Beltrés,M1,1365,metamórfica,72,66,41,correcto
Daniel Beltrés,M1,1366,ígnea,65,43,40,correcto
Daniel Beltrés,M1,1367,ígnea,61,46,35,correcto
Daniel Beltrés,M1,1368,sedimentaria,72,38,23,correcto
Daniel Beltrés,M1,1369,sedimentaria,61,56,32,correcto
Daniel Beltrés,M1,1370,metamórfica,70,51,30,correcto
Daniel Beltrés,M1,1371,metamórfica,71,50,36,correcto
Daniel Beltrés,M1,1372,metamórfica,61,52,33,correcto
Daniel Beltrés,M1,1373,metamórfica,53,38,27,correcto
Daniel Beltrés,M1,1374,metamórfica,75,45,25,correcto
Daniel Beltrés,M1,1375,metamórfica,62,51,25,correcto
Daniel Beltrés,M1,1376,sedimentaria,73,52,30,correcto
Daniel Beltrés,M1,1377,sedimentaria,82,61,45,correcto
Daniel Beltrés,M1,1378,sedimentaria,91,78,53,correcto
Daniel Beltrés,M1,1379,metamórfica,70,50,31,correcto
Daniel Beltrés,M1,1380,sedimentaria,61,50,31,correcto
Daniel Beltrés,M2,1381,,140,103,42,correcto
Daniel Beltrés,M2,1382,,143,88,54,correcto
Daniel Beltrés,M2,1383,,90,62,61,correcto
Daniel Beltrés,M2,1384,,93,87,60,correcto
Daniel Beltrés,M2,1385,,94,79,57,correcto
Daniel Beltrés,M2,1386,,94,72,55,correcto
Daniel Beltrés,M2,1387,,110,70,56,correcto
Daniel Beltrés,M2,1388,,120,66,40,correcto
Daniel Beltrés,M2,1389,,83,56,48,correcto
Daniel Beltrés,M2,1390,,88,57,42,correcto
Daniel Beltrés,M2,1391,,84,53,38,correcto
Daniel Beltrés,M2,1392,,105,47,35,correcto
Daniel Beltrés,M2,1393,,71,62,43,correcto
Daniel Beltrés,M2,1394,,79,53,39,correcto
Daniel Beltrés,M2,1395,,88,57,38,correcto
Daniel Beltrés,M2,1396,,96,70,55,correcto
Daniel Beltrés,M2,1397,,86,53,31,correcto
Daniel Beltrés,M2,1398,,141,90,61,correcto
Daniel Beltrés,M2,1399,,111,71,54,correcto
Daniel Beltrés,M2,1400,,121,82,60,correcto
Daniel Beltrés,M2,1401,,83,80,33,correcto
Daniel Beltrés,M2,1402,,70,65,36,correcto
Daniel Beltrés,M2,1403,,98,51,33,correcto
Daniel Beltrés,M2,1404,,94,43,32,correcto
Daniel Beltrés,M2,1405,,88,56,36,correcto
Daniel Beltrés,M2,1406,,72,63,46,correcto
Daniel Beltrés,M2,1407,,70,45,39,correcto
Daniel Beltrés,M2,1408,,84,55,37,correcto
Daniel Beltrés,M2,1409,,71,45,36,correcto
Daniel Beltrés,M2,1410,,94,70,57,correcto
Daniel Beltrés,M3,1411,,82,63,37,correcto
Daniel Beltrés,M3,1412,,73,56,36,correcto
Daniel Beltrés,M3,1413,,102,63,42,correcto
Daniel Beltrés,M3,1414,,90,44,28,correcto
Daniel Beltrés,M3,1415,,104,66,37,correcto
Daniel Beltrés,M3,1416,,100,72,42,correcto
Daniel Beltrés,M3,1417,,152,47,37,correcto
Daniel Beltrés,M3,1418,,150,80,62,correcto
Daniel Beltrés,M3,1419,,88,68,32,correcto
Daniel Beltrés,M3,1420,,91,62,43,correcto
Daniel Beltrés,M3,1421,,77,52,42,correcto
Daniel Beltrés,M3,1422,,58,43,25,correcto
Daniel Beltrés,M3,1423,,70,40,29,correcto
Daniel Beltrés,M3,1424,,73,40,18,correcto
Daniel Beltrés,M3,1425,,69,58,30,correcto
Daniel Beltrés,M3,1426,,81,48,23,correcto
Daniel Beltrés,M3,1427,,115,66,49,correcto
Daniel Beltrés,M3,1428,,125,78,45,correcto
Daniel Beltrés,M3,1429,,86,43,36,correcto
Daniel Beltrés,M3,1430,,110,62,36,correcto
Daniel Beltrés,M3,1431,,93,35,32,correcto
Daniel Beltrés,M3,1432,,85,58,29,correcto
Daniel Beltrés,M3,1433,,79,45,35,correcto
Daniel Beltrés,M3,1434,,89,60,45,correcto
Daniel Beltrés,M3,1435,,78,39,32,correcto
Daniel Beltrés,M3,1436,,73,48,28,correcto
Daniel Beltrés,M3,1437,,75,55,25,correcto
Daniel Beltrés,M3,1438,,67,42,33,correcto
Daniel Beltrés,M3,1439,,85,47,33,correcto
Daniel Beltrés,M3,1440,,78,51,23,correcto
Daniel Beltrés,M4,1441,,76,72,29,correcto
Daniel Beltrés,M4,1442,,92,57,32,correcto
Daniel Beltrés,M4,1443,,76,69,28,correcto
Daniel Beltrés,M4,1444,,82,66,56,correcto
Daniel Beltrés,M4,1445,,150,86,47,correcto
Daniel Beltrés,M4,1446,,195,66,40,correcto
Daniel Beltrés,M4,1447,,150,86,47,correcto
Daniel Beltrés,M4,1448,,99,87,39,correcto
Daniel Beltrés,M4,1449,,85,63,40,correcto
Daniel Beltrés,M4,1450,,91,59,32,correcto
Daniel Beltrés,M4,1451,,96,57,44,correcto
Daniel Beltrés,M4,1452,,81,50,27,correcto
Daniel Beltrés,M4,1453,,126,45,37,correcto
Daniel Beltrés,M4,1454,,86,83,42,correcto
Daniel Beltrés,M4,1455,,97,49,40,correcto
Daniel Beltrés,M4,1456,,90,65,30,correcto
Daniel Beltrés,M4,1457,,85,60,27,correcto
Daniel Beltrés,M4,1458,,63,45,28,correcto
Daniel Beltrés,M4,1459,,90,46,30,correcto
Daniel Beltrés,M4,1460,,86,51,50,correcto
Daniel Beltrés,M4,1461,,88,65,38,correcto
Daniel Beltrés,M4,1462,,101,67,52,correcto
Daniel Beltrés,M4,1463,,77,72,51,correcto
Daniel Beltrés,M4,1464,,87,63,60,correcto
Daniel Beltrés,M4,1465,,86,73,56,correcto
Daniel Beltrés,M4,1466,,90,61,42,correcto
Daniel Beltrés,M4,1467,,87,60,46,correcto
Daniel Beltrés,M4,1468,,81,76,46,correcto
Daniel Beltrés,M4,1469,,80,58,31,correcto
Daniel Beltrés,M4,1470,,65,40,35,correcto
Daniel Beltrés,M5,1471,,120,92,45,correcto
Daniel Beltrés,M5,1472,,125,75,60,correcto
Daniel Beltrés,M5,1473,,180,80,30,correcto
Daniel Beltrés,M5,1474,,92,78,43,correcto
Daniel Beltrés,M5,1475,,135,59,32,correcto
Daniel Beltrés,M5,1476,,115,83,34,correcto
Daniel Beltrés,M5,1477,,101,73,43,correcto
Daniel Beltrés,M5,1478,,127,66,55,correcto
Daniel Beltrés,M5,1479,,100,72,48,correcto
Daniel Beltrés,M5,1480,,102,67,22,correcto
Daniel Beltrés,M5,1481,,85,62,21,correcto
Daniel Beltrés,M5,1482,,93,79,31,correcto
Daniel Beltrés,M5,1483,,99,36,32,correcto
Daniel Beltrés,M5,1484,,97,48,29,correcto
Daniel Beltrés,M5,1485,,98,68,38,correcto
Daniel Beltrés,M5,1486,,86,53,35,correcto
Daniel Beltrés,M5,1487,,102,63,31,correcto
Daniel Beltrés,M5,1488,,98,57,45,correcto
Daniel Beltrés,M5,1489,,87,76,17,correcto
Daniel Beltrés,M5,1490,,111,65,32,correcto
Daniel Beltrés,M5,1491,,107,78,35,correcto
Daniel Beltrés,M5,1492,,108,75,30,correcto
Daniel Beltrés,M5,1493,,85,70,48,correcto
Daniel Beltrés,M5,1494,,90,76,31,correcto
Daniel Beltrés,M5,1495,,110,92,36,correcto
Daniel Beltrés,M5,1496,,86,60,47,correcto
Daniel Beltrés,M5,1497,,83,67,37,correcto
Daniel Beltrés,M5,1498,,77,42,36,correcto
Daniel Beltrés,M5,1499,,91,72,29,correcto
Daniel Beltrés,M5,1500,,89,63,40,correcto
Daniel Beltrés,M6,1501,,75,70,52,correcto
Daniel Beltrés,M6,1502,,92,59,52,correcto
Daniel Beltrés,M6,1503,,101,65,61,correcto
Daniel Beltrés,M6,1504,,121,85,61,correcto
Daniel Beltrés,M6,1505,,100,65,30,correcto
Daniel Beltrés,M6,1506,,98,73,59,correcto
Daniel Beltrés,M6,1507,,97,59,46,correcto
Daniel Beltrés,M6,1508,,102,58,58,correcto
Daniel Beltrés,M6,1509,,79,63,43,correcto
Daniel Beltrés,M6,1510,,92,49,31,correcto
Daniel Beltrés,M6,1511,,85,55,51,correcto
Daniel Beltrés,M6,1512,,98,38,38,correcto
Daniel Beltrés,M6,1513,,85,53,41,correcto
Daniel Beltrés,M6,1514,,77,58,43,correcto
Daniel Beltrés,M6,1515,,73,49,33,correcto
Daniel Beltrés,M6,1516,,111,64,61,correcto
Daniel Beltrés,M6,1517,,76,56,50,correcto
Daniel Beltrés,M6,1518,,81,43,41,correcto
Daniel Beltrés,M6,1519,,72,43,34,correcto
Daniel Beltrés,M6,1520,,66,48,41,correcto
Daniel Beltrés,M6,1521,,71,51,35,correcto
Daniel Beltrés,M6,1522,,80,63,40,correcto
Daniel Beltrés,M6,1523,,85,47,35,correcto
Daniel Beltrés,M6,1524,,78,38,33,correcto
Daniel Beltrés,M6,1525,,97,64,46,correcto
Daniel Beltrés,M6,1526,,86,56,31,correcto
Daniel Beltrés,M6,1527,,92,77,60,correcto
Daniel Beltrés,M6,1528,,81,66,52,correcto
Daniel Beltrés,M6,1529,,88,72,62,correcto
Daniel Beltrés,M6,1530,,98,56,34,correcto
Daniel Beltrés,M7,1531,,130,121,68,correcto
Daniel Beltrés,M7,1532,,95,68,30,correcto
Daniel Beltrés,M7,1533,,89,56,37,correcto
Daniel Beltrés,M7,1534,,109,65,34,correcto
Daniel Beltrés,M7,1535,,93,82,53,correcto
Daniel Beltrés,M7,1536,,72,43,25,correcto
Daniel Beltrés,M7,1537,,82,65,27,correcto
Daniel Beltrés,M7,1538,,76,50,34,correcto
Daniel Beltrés,M7,1539,,71,45,43,correcto
Daniel Beltrés,M7,1540,,69,50,36,correcto
Daniel Beltrés,M7,1541,,91,71,47,correcto
Daniel Beltrés,M7,1542,,68,62,50,correcto
Daniel Beltrés,M7,1543,,88,49,49,correcto
Daniel Beltrés,M7,1544,,104,73,53,correcto
Daniel Beltrés,M7,1545,,80,46,27,correcto
Daniel Beltrés,M7,1546,,89,68,23,correcto
Daniel Beltrés,M7,1547,,83,56,35,correcto
Daniel Beltrés,M7,1548,,120,76,56,correcto
Daniel Beltrés,M7,1549,,91,66,51,correcto
Daniel Beltrés,M7,1550,,90,53,45,correcto
Daniel Beltrés,M7,1551,,101,61,31,correcto
Daniel Beltrés,M7,1552,,81,47,32,correcto
Daniel Beltrés,M7,1553,,80,57,38,correcto
Daniel Beltrés,M7,1554,,88,80,31,correcto
Daniel Beltrés,M7,1555,,130,50,45,correcto
Daniel Beltrés,M7,1556,,70,70,41,correcto
Daniel Beltrés,M7,1557,,106,83,50,correcto
Daniel Beltrés,M7,1558,,65,50,32,correcto
Daniel Beltrés,M7,1559,,125,90,43,correcto
Daniel Beltrés,M7,1560,,82,58,48,correcto
Jhohansel Santana,M1,1561,,,,,faltan valores
Jhohansel Santana,M1,1562,,,,,faltan valores
Jhohansel Santana,M1,1563,,,,,faltan valores
Jhohansel Santana,M1,1564,,,,,faltan valores
Jhohansel Santana,M1,1565,,,,,faltan valores
Jhohansel Santana,M1,1566,,,,,faltan valores
Jhohansel Santana,M1,1567,,,,,faltan valores
Jhohansel Santana,M1,1568,,,,,faltan valores
Jhohansel Santana,M1,1569,,,,,faltan valores
Jhohansel Santana,M1,1570,,,,,faltan valores
Jhohansel Santana,M1,1571,,,,,faltan valores
Jhohansel Santana,M1,1572,,,,,faltan valores
Jhohansel Santana,M1,1573,,,,,faltan valores
Jhohansel Santana,M1,1574,,,,,faltan valores
Jhohansel Santana,M1,1575,,,,,faltan valores
Jhohansel Santana,M1,1576,,,,,faltan valores
Jhohansel Santana,M1,1577,,,,,faltan valores
Jhohansel Santana,M1,1578,,,,,faltan valores
Jhohansel Santana,M1,1579,,,,,faltan valores
Jhohansel Santana,M1,1580,,,,,faltan valores
Jhohansel Santana,M1,1581,,,,,faltan valores
Jhohansel Santana,M1,1582,,,,,faltan valores
Jhohansel Santana,M1,1583,,,,,faltan valores
Jhohansel Santana,M1,1584,,,,,faltan valores
Jhohansel Santana,M1,1585,,,,,faltan valores
Jhohansel Santana,M1,1586,,,,,faltan valores
Jhohansel Santana,M1,1587,,,,,faltan valores
Jhohansel Santana,M1,1588,,,,,faltan valores
Jhohansel Santana,M1,1589,,,,,faltan valores
Jhohansel Santana,M1,1590,,,,,faltan valores
Jhohansel Santana,M2,1591,,,,,faltan valores
Jhohansel Santana,M2,1592,,,,,faltan valores
Jhohansel Santana,M2,1593,,,,,faltan valores
Jhohansel Santana,M2,1594,,,,,faltan valores
Jhohansel Santana,M2,1595,,,,,faltan valores
Jhohansel Santana,M2,1596,,,,,faltan valores
Jhohansel Santana,M2,1597,,,,,faltan valores
Jhohansel Santana,M2,1598,,,,,faltan valores
Jhohansel Santana,M2,1599,,,,,faltan valores
Jhohansel Santana,M2,1600,,,,,faltan valores
Jhohansel Santana,M2,1601,,,,,faltan valores
Jhohansel Santana,M2,1602,,,,,faltan valores
Jhohansel Santana,M2,1603,,,,,faltan valores
Jhohansel Santana,M2,1604,,,,,faltan valores
Jhohansel Santana,M2,1605,,,,,faltan valores
Jhohansel Santana,M2,1606,,,,,faltan valores
Jhohansel Santana,M2,1607,,,,,faltan valores
Jhohansel Santana,M2,1608,,,,,faltan valores
Jhohansel Santana,M2,1609,,,,,faltan valores
Jhohansel Santana,M2,1610,,,,,faltan valores
Jhohansel Santana,M2,1611,,,,,faltan valores
Jhohansel Santana,M2,1612,,,,,faltan valores
Jhohansel Santana,M2,1613,,,,,faltan valores
Jhohansel Santana,M2,1614,,,,,faltan valores
Jhohansel Santana,M2,1615,,,,,faltan valores
Jhohansel Santana,M2,1616,,,,,faltan valores
Jhohansel Santana,M2,1617,,,,,faltan valores
Jhohansel Santana,M2,1618,,,,,faltan valores
Jhohansel Santana,M2,1619,,,,,faltan valores
Jhohansel Santana,M2,1620,,,,,faltan valores
Jhohansel Santana,M3,1621,,,,,faltan valores
Jhohansel Santana,M3,1622,,,,,faltan valores
Jhohansel Santana,M3,1623,,,,,faltan valores
Jhohansel Santana,M3,1624,,,,,faltan valores
Jhohansel Santana,M3,1625,,,,,faltan valores
Jhohansel Santana,M3,1626,,,,,faltan valores
Jhohansel Santana,M3,1627,,,,,faltan valores
Jhohansel Santana,M3,1628,,,,,faltan valores
Jhohansel Santana,M3,1629,,,,,faltan valores
Jhohansel Santana,M3,1630,,,,,faltan valores
Jhohansel Santana,M3,1631,,,,,faltan valores
Jhohansel Santana,M3,1632,,,,,faltan valores
Jhohansel Santana,M3,1633,,,,,faltan valores
Jhohansel Santana,M3,1634,,,,,faltan valores
Jhohansel Santana,M3,1635,,,,,faltan valores
Jhohansel Santana,M3,1636,,,,,faltan valores
Jhohansel Santana,M3,1637,,,,,faltan valores
Jhohansel Santana,M3,1638,,,,,faltan valores
Jhohansel Santana,M3,1639,,,,,faltan valores
Jhohansel Santana,M3,1640,,,,,faltan valores
Jhohansel Santana,M3,1641,,,,,faltan valores
Jhohansel Santana,M3,1642,,,,,faltan valores
Jhohansel Santana,M3,1643,,,,,faltan valores
Jhohansel Santana,M3,1644,,,,,faltan valores
Jhohansel Santana,M3,1645,,,,,faltan valores
Jhohansel Santana,M3,1646,,,,,faltan valores
Jhohansel Santana,M3,1647,,,,,faltan valores
Jhohansel Santana,M3,1648,,,,,faltan valores
Jhohansel Santana,M3,1649,,,,,faltan valores
Jhohansel Santana,M3,1650,,,,,faltan valores
Jhohansel Santana,M4,1651,,,,,faltan valores
Jhohansel Santana,M4,1652,,,,,faltan valores
Jhohansel Santana,M4,1653,,,,,faltan valores
Jhohansel Santana,M4,1654,,,,,faltan valores
Jhohansel Santana,M4,1655,,,,,faltan valores
Jhohansel Santana,M4,1656,,,,,faltan valores
Jhohansel Santana,M4,1657,,,,,faltan valores
Jhohansel Santana,M4,1658,,,,,faltan valores
Jhohansel Santana,M4,1659,,,,,faltan valores
Jhohansel Santana,M4,1660,,,,,faltan valores
Jhohansel Santana,M4,1661,,,,,faltan valores
Jhohansel Santana,M4,1662,,,,,faltan valores
Jhohansel Santana,M4,1663,,,,,faltan valores
Jhohansel Santana,M4,1664,,,,,faltan valores
Jhohansel Santana,M4,1665,,,,,faltan valores
Jhohansel Santana,M4,1666,,,,,faltan valores
Jhohansel Santana,M4,1667,,,,,faltan valores
Jhohansel Santana,M4,1668,,,,,faltan valores
Jhohansel Santana,M4,1669,,,,,faltan valores
Jhohansel Santana,M4,1670,,,,,faltan valores
Jhohansel Santana,M4,1671,,,,,faltan valores
Jhohansel Santana,M4,1672,,,,,faltan valores
Jhohansel Santana,M4,1673,,,,,faltan valores
Jhohansel Santana,M4,1674,,,,,faltan valores
Jhohansel Santana,M4,1675,,,,,faltan valores
Jhohansel Santana,M4,1676,,,,,faltan valores
Jhohansel Santana,M4,1677,,,,,faltan valores
Jhohansel Santana,M4,1678,,,,,faltan valores
Jhohansel Santana,M4,1679,,,,,faltan valores
Jhohansel Santana,M4,1680,,,,,faltan valores
Jhohansel Santana,M5,1681,,,,,faltan valores
Jhohansel Santana,M5,1682,,,,,faltan valores
Jhohansel Santana,M5,1683,,,,,faltan valores
Jhohansel Santana,M5,1684,,,,,faltan valores
Jhohansel Santana,M5,1685,,,,,faltan valores
Jhohansel Santana,M5,1686,,,,,faltan valores
Jhohansel Santana,M5,1687,,,,,faltan valores
Jhohansel Santana,M5,1688,,,,,faltan valores
Jhohansel Santana,M5,1689,,,,,faltan valores
Jhohansel Santana,M5,1690,,,,,faltan valores
Jhohansel Santana,M5,1691,,,,,faltan valores
Jhohansel Santana,M5,1692,,,,,faltan valores
Jhohansel Santana,M5,1693,,,,,faltan valores
Jhohansel Santana,M5,1694,,,,,faltan valores
Jhohansel Santana,M5,1695,,,,,faltan valores
Jhohansel Santana,M5,1696,,,,,faltan valores
Jhohansel Santana,M5,1697,,,,,faltan valores
Jhohansel Santana,M5,1698,,,,,faltan valores
Jhohansel Santana,M5,1699,,,,,faltan valores
Jhohansel Santana,M5,1700,,,,,faltan valores
Jhohansel Santana,M5,1701,,,,,faltan valores
Jhohansel Santana,M5,1702,,,,,faltan valores
Jhohansel Santana,M5,1703,,,,,faltan valores
Jhohansel Santana,M5,1704,,,,,faltan valores
Jhohansel Santana,M5,1705,,,,,faltan valores
Jhohansel Santana,M5,1706,,,,,faltan valores
Jhohansel Santana,M5,1707,,,,,faltan valores
Jhohansel Santana,M5,1708,,,,,faltan valores
Jhohansel Santana,M5,1709,,,,,faltan valores
Jhohansel Santana,M5,1710,,,,,faltan valores
Jhohansel Santana,M6,1711,,,,,faltan valores
Jhohansel Santana,M6,1712,,,,,faltan valores
Jhohansel Santana,M6,1713,,,,,faltan valores
Jhohansel Santana,M6,1714,,,,,faltan valores
Jhohansel Santana,M6,1715,,,,,faltan valores
Jhohansel Santana,M6,1716,,,,,faltan valores
Jhohansel Santana,M6,1717,,,,,faltan valores
Jhohansel Santana,M6,1718,,,,,faltan valores
Jhohansel Santana,M6,1719,,,,,faltan valores
Jhohansel Santana,M6,1720,,,,,faltan valores
Jhohansel Santana,M6,1721,,,,,faltan valores
Jhohansel Santana,M6,1722,,,,,faltan valores
Jhohansel Santana,M6,1723,,,,,faltan valores
Jhohansel Santana,M6,1724,,,,,faltan valores
Jhohansel Santana,M6,1725,,,,,faltan valores
Jhohansel Santana,M6,1726,,,,,faltan valores
Jhohansel Santana,M6,1727,,,,,faltan valores
Jhohansel Santana,M6,1728,,,,,faltan valores
Jhohansel Santana,M6,1729,,,,,faltan valores
Jhohansel Santana,M6,1730,,,,,faltan valores
Jhohansel Santana,M6,1731,,,,,faltan valores
Jhohansel Santana,M6,1732,,,,,faltan valores
Jhohansel Santana,M6,1733,,,,,faltan valores
Jhohansel Santana,M6,1734,,,,,faltan valores
Jhohansel Santana,M6,1735,,,,,faltan valores
Jhohansel Santana,M6,1736,,,,,faltan valores
Jhohansel Santana,M6,1737,,,,,faltan valores
Jhohansel Santana,M6,1738,,,,,faltan valores
Jhohansel Santana,M6,1739,,,,,faltan valores
Jhohansel Santana,M6,1740,,,,,faltan valores
Jhohansel Santana,M7,1741,,,,,faltan valores
Jhohansel Santana,M7,1742,,,,,faltan valores
Jhohansel Santana,M7,1743,,,,,faltan valores
Jhohansel Santana,M7,1744,,,,,faltan valores
Jhohansel Santana,M7,1745,,,,,faltan valores
Jhohansel Santana,M7,1746,,,,,faltan valores
Jhohansel Santana,M7,1747,,,,,faltan valores
Jhohansel Santana,M7,1748,,,,,faltan valores
Jhohansel Santana,M7,1749,,,,,faltan valores
Jhohansel Santana,M7,1750,,,,,faltan valores
Jhohansel Santana,M7,1751,,,,,faltan valores
Jhohansel Santana,M7,1752,,,,,faltan valores
Jhohansel Santana,M7,1753,,,,,faltan valores
Jhohansel Santana,M7,1754,,,,,faltan valores
Jhohansel Santana,M7,1755,,,,,faltan valores
Jhohansel Santana,M7,1756,,,,,faltan valores
Jhohansel Santana,M7,1757,,,,,faltan valores
Jhohansel Santana,M7,1758,,,,,faltan valores
Jhohansel Santana,M7,1759,,,,,faltan valores
Jhohansel Santana,M7,1760,,,,,faltan valores
Jhohansel Santana,M7,1761,,,,,faltan valores
Jhohansel Santana,M7,1762,,,,,faltan valores
Jhohansel Santana,M7,1763,,,,,faltan valores
Jhohansel Santana,M7,1764,,,,,faltan valores
Jhohansel Santana,M7,1765,,,,,faltan valores
Jhohansel Santana,M7,1766,,,,,faltan valores
Jhohansel Santana,M7,1767,,,,,faltan valores
Jhohansel Santana,M7,1768,,,,,faltan valores
Jhohansel Santana,M7,1769,,,,,faltan valores
Jhohansel Santana,M7,1770,,,,,faltan valores
